<?xml version="1.0" encoding="UTF-8"?><map>
	<obj id="_4uKolfySEeiF0cp9x5MzdA" name="wpel_pruefen" x="332" y="317" width="128" height="80"/>
	<obj id="_4uKolvySEeiF0cp9x5MzdA" name="wp_ik_va_erfassen_interner_auftraggeber" x="332" y="228" width="128" height="80"/>
	<obj id="_4uKol_ySEeiF0cp9x5MzdA" name="wp_fak_erfassung_bezueger_pruefen" x="332" y="26" width="128" height="80"/>
	<obj id="_XyL6QvyTEeiF0cp9x5MzdA" name="wp_fak_dokumente_erstellen" x="332" y="133" width="128" height="80"/>
	<obj id="_kr_eQfyTEeiF0cp9x5MzdA" name="wp_fak_bezueger_aktivieren" x="332" y="418" width="128" height="80"/>
	<obj id="_tShPMvyTEeiF0cp9x5MzdA" name="wp_pendenzen_erstellen_partner" x="332" y="511" width="128" height="80"/>
	<obj id="_AZ-oQPyUEeiF0cp9x5MzdA" name="wp_pv_daten_administrieren" x="332" y="622" width="128" height="80"/>
	<obj id="_PwDBEPyZEeiF0cp9x5MzdA" name="" x="175" y="412" width="43" height="45"/>
	<obj id="_2W2uwPyZEeiF0cp9x5MzdA" name="" x="584" y="401" width="43" height="45"/>
	<obj id="_14dmwvySEeiF0cp9x5MzdA" name="Start Event" x="91" y="419" width="58" height="47"/>
	<obj id="_14dmw_ySEeiF0cp9x5MzdA" name="End Event" x="629" y="408" width="54" height="47"/>
	<obj id="_14dmwfySEeiF0cp9x5MzdA" name="Lane" x="35" y="6" width="30" height="742"/>
	<obj id="_14dmwPySEeiF0cp9x5MzdA" name="Pool" x="5" y="5" width="30" height="746"/>
</map>
