<?xml version="1.0" encoding="UTF-8"?><map>
	<obj id="_IRz0uvowEeiF0cp9x5MzdA" name="Fälle gefunden?" x="270" y="170" width="85" height="61"/>
	<obj id="_IRz0z_owEeiF0cp9x5MzdA" name="Fall abschliessen" x="1072" y="549" width="106" height="74"/>
	<obj id="_fr9eovo9EeiF0cp9x5MzdA" name="Suche existierende Fälle" x="103" y="148" width="136" height="89"/>
	<obj id="_vhJu8PxcEeiF0cp9x5MzdA" name="com.igs.fak.001_close_new_case" x="358" y="283" width="128" height="80"/>
	<obj id="_GnONofyUEeiF0cp9x5MzdA" name="com.igs.fak.001_automatische_steps" x="1072" y="439" width="128" height="80"/>
	<obj id="_IRz0pPowEeiF0cp9x5MzdA" name="Start" x="88" y="51" width="31" height="47"/>
	<obj id="_IRz0sfowEeiF0cp9x5MzdA" name="" x="1215" y="571" width="31" height="31"/>
	<obj id="_IRz0v_owEeiF0cp9x5MzdA" name="Ende" x="509" y="308" width="31" height="47"/>
	<obj id="_IRz1A_owEeiF0cp9x5MzdA" name="Automat" x="35" y="6" width="30" height="627"/>
	<obj id="_IRz0pfowEeiF0cp9x5MzdA" name="Unterlagen prüfen" x="509" y="735" width="108" height="74"/>
	<obj id="_IRz0qPowEeiF0cp9x5MzdA" name="Prüfe Fälle auf Übereinstimmung" x="256" y="728" width="113" height="74"/>
	<obj id="_IRz0q_owEeiF0cp9x5MzdA" name="GF an Dokumentensteuerung" x="853" y="946" width="128" height="79"/>
	<obj id="_IRz0svowEeiF0cp9x5MzdA" name="Ausgewählte Funktion?" x="653" y="750" width="70" height="76"/>
	<obj id="_IRz0u_owEeiF0cp9x5MzdA" name="Klammern?" x="391" y="743" width="62" height="61"/>
	<obj id="_IRz0yPowEeiF0cp9x5MzdA" name="FAK-IS-001.01.01 Anspruch AG prüfen" x="1286" y="732" width="128" height="80"/>
	<obj id="_IRz0yfowEeiF0cp9x5MzdA" name="FAK-IS-001.01.03 Bezüger verfügen-auszahlen" x="1286" y="932" width="128" height="80"/>
	<obj id="_IRz0yvowEeiF0cp9x5MzdA" name="FAK-IS-001.01.02 Bezüger erfassen" x="1286" y="834" width="128" height="80"/>
	<obj id="_IRz0y_owEeiF0cp9x5MzdA" name="PV-IH-001 Modell Partnerverwaltung" x="1286" y="1027" width="128" height="80"/>
	<obj id="_IRz0zPowEeiF0cp9x5MzdA" name="" x="1006" y="808" width="43" height="45"/>
	<obj id="_IRz0zvowEeiF0cp9x5MzdA" name="" x="1460" y="1140" width="43" height="45"/>
	<obj id="_kK8igPyaEeiF0cp9x5MzdA" name="com.igs.fak.001_brief_schreiben" x="853" y="848" width="128" height="80"/>
	<obj id="_IRz1BPowEeiF0cp9x5MzdA" name="Sachbearbeiter (SB)" x="35" y="635" width="30" height="841"/>
	<obj id="_IRz0rvowEeiF0cp9x5MzdA" name="Wiedervorlage setzen" x="624" y="1530" width="128" height="77"/>
	<obj id="_IRz1BfowEeiF0cp9x5MzdA" name="SB Wiedervorlage" x="35" y="1478" width="30" height="316"/>
	<obj id="_IRz1AvowEeiF0cp9x5MzdA" name="Pool" x="5" y="5" width="30" height="1792"/>
</map>
