{"control_cancel_label":"Cancel","form_action_error_message":
  "Error in script for action {0} ({1}): {2}","pane_toolbar_label":
  "Toolbar","control_DokumentenArt_label":"DokumentenArt",
  "control_AHVNummer_label":"AHV-Nummer","pane_content_label":"User Task",
  "form_validation_error_message":
  "Error in script for validation {0} of Control {1} ({2}): {3}",
  "control_Frist_label":"Frist","control_submit_label":"Submit",
  "pane_messages_label":"Invalid Entries","form_required_message":
  "{0} is a required field.","control_Geschaeftsfall_label":
  "Geschaeftsfall"}
