{"control_WP_Verhandlungspartner_anzeigen_label":
  "WP_Verhandlungspartner_anzeigen",
  "control_WorkListFasade_aktuelleBearbeiter_label":"aktuelle Bearbeiter",
  "control_UserCompleteTaskGuid_label":"UserCompleteTaskGuid",
  "form_action_error_message":"Error in script for action {0} ({1}): {2}",
  "control_WorkListFasade_versVorname_label":"Vers.-Vorname",
  "pane_toolbar_label":"Toolbar",
  "control_WorkListFasade_dokumentenArt_label":"DokumentenArt",
  "control_WorkListFasade_abrechNr_label":"Abrech.-Nr.",
  "control_action_label":"action","form_validation_error_message":
  "Error in script for validation {0} of Control {1} ({2}): {3}",
  "control_WorkListFasade_dokEingangsdatum_label":"Dok-Eingangsdatum",
  "control_submit_label":"Submit","form_required_message":
  "{0} is a required field.",
  "control_WorkListFasade_zusatzbezeichnung_label":"Zusatzbezeichnung",
  "control_cancel_label":"Cancel","pane_WorkListFasade_label":
  "WorkListFasade","control_WorkListFasade_versNachname_label":
  "Vers.-Nachname","control_WP_Gesuch_anzeigen_label":"WP_Gesuch_anzeigen",
  "control_actionToDo_label":"actionToDo",
  "control_WorkListFasade_personenID_label":"Personen-ID",
  "pane_content_label":"Eingang Prüfen Sk(2)",
  "control_Weiterleitung_an_IV_Sachbearbeiter_label":
  "Weiterleitung_an_IV_Sachbearbeiter",
  "control_WorkListFasade_wiedervorlagedatum_label":"Wiedervorlagedatum",
  "pane_messages_label":"Invalid Entries",
  "control_WorkListFasade_anmeldeNr_label":"Anmelde-Nr.",
  "control_WP_Formular_zum_Gesuch_anzeigen_label":
  "WP_Formular_zum_Gesuch_anzeigen","control_WorkListFasade_versichNr_label":
  "Versich.-Nr.","control_close_label":"Close",
  "control_WorkListFasade_unternehmensID_label":"Unternehmens-ID"}
