{"control_cancel_label":"Cancel","control_GS_ahvNummer_label":"ahv-Nummer",
  "control_GS_dokumentenArt_label":"dokumenten-Art",
  "control_GS_caseID_label":"caseID","control_GS_geschaeftsfall_label":
  "geschaeftsfall","pane_GS_label":"GS","form_action_error_message":
  "Error in script for action {0} ({1}): {2}","pane_toolbar_label":
  "Toolbar","pane_content_label":"Eingabe","form_validation_error_message":
  "Error in script for validation {0} of Control {1} ({2}): {3}",
  "control_submit_label":"Submit","pane_messages_label":"Invalid Entries",
  "control_GS_dossierID_label":"dossierID","form_required_message":
  "{0} is a required field.","control_close_label":"Close"}
