{"control_Z_Fall_erledigt_Ablage_label":"Z_Fall_erledigt_Ablage",
  "control_WP_eM_IV_Akte_anfordern_label":"WP_eM_IV_Akte_anfordern",
  "control_WP_IK_Auszug_drucken_VP_label":"WP_IK_Auszug_drucken_VP",
  "control_WP_IK_Erstellen_VA_Eroeffnen_IK_label":
  "WP_IK_Erstellen_VA_Eroeffnen_IK",
  "control_SP_Suva_IV_Regressfall_an_RGD_label":
  "SP_Suva_IV_Regressfall_an_RGD","control_UserCompleteTaskGuid_label":
  "UserCompleteTaskGuid","form_action_error_message":
  "Error in script for action {0} ({1}): {2}","pane_toolbar_label":
  "Toolbar","control_WP_Aktenbestellung_DMC_label":
  "WP_Aktenbestellung_DMC","control_WP_eM_Nachlieferung_IVST_IVST_label":
  "WP_eM_Nachlieferung_IVST_IVST","control_action_label":"action",
  "form_validation_error_message":
  "Error in script for validation {0} of Control {1} ({2}): {3}",
  "control_submit_label":"Submit","form_required_message":
  "{0} is a required field.","control_cancel_label":"Cancel",
  "control_WP_Gesuch_anzeigen_label":"WP_Gesuch_anzeigen",
  "control_SP_Wiedervorlage_label":"SP_Wiedervorlage",
  "control_actionToDo_label":"actionToDo",
  "control_WP_WW_Protokolle_bearbeiten_label":
  "WP_WW_Protokolle_bearbeiten","pane_content_label":
  "Eingang Prüfen Sb (2)","control_Frist_label":"Frist",
  "pane_messages_label":"Invalid Entries",
  "control_WP_IK_Ausz_ZAS_best_VP_label":"WP_IK_Ausz_ZAS_best_VP",
  "control_SP_Eigener_IV_Regressfall_an_RGD_label":
  "SP_Eigener_IV_Regressfall_an_RGD","control_close_label":"Close",
  "control_WP_IK_Ausz_ZAS_best_EP_label":"WP_IK_Ausz_ZAS_best_EP",
  "control_WP_IK_Auszug_drucken_EP_label":"WP_IK_Auszug_drucken_EP"}
