{"control_SP_erstelle_neueWorkflows_label":"SP_erstelle_neue Workflows",
  "control_WP_eM_IV_Akte_anfordern_label":"WP_eM_IV_Akte_anfordern",
  "control_WP_IK_Erstellen_VA_Eroeffnen_IK_label":
  "WP_IK_Erstellen_VA_Eroeffnen_IK",
  "control_SP_Suva_IV_Regressfall_an_RGD_label":
  "SP_Suva_IV_Regressfall_an_RGD",
  "control_WorkListFasade_dokumentenArt_label":"DokumentenArt",
  "pane_Versicherte_label":"Versicherte","control_Mitglied_name_label":
  "Name","control_Dokument_documentScanDate_label":"DokScanDatum",
  "control_Geschaeftsfall_typBezeichnung_label":"TypBezeichnung",
  "form_required_message":"{0} is a required field.",
  "control_Geschaeftsfall_senderName_label":"AbsenderName",
  "control_Dokument_dokumentID_label":"DokumentID",
  "pane_Geschaeftsfall_found_label":"Geschaeftsfall_found",
  "control_Dokument_formularempfnger_label":"Formularempfänger",
  "pane_content_label":"Suva Iv Regressfall An Rgd (4.4)",
  "control_Geschaeftsfall_processUser_label":"Bearbeiter",
  "control_Geschaeftsfall_typNummer_label":"TypNummer","control_close_label":
  "Close","control_Geschaeftsfall_PKID_label":"PKID",
  "control_Dokument_kommentar_label":"Kommentar",
  "control_WP_Verhandlungspartner_anzeigen_label":
  "WP_Verhandlungspartner_anzeigen",
  "control_Geschaeftsfall_found_caseID_label":"caseID",
  "control_WorkListFasade_aktuelleBearbeiter_label":"aktuelle Bearbeiter",
  "control_Geschaeftsfall_found_geschaeftsfall_label":"geschaeftsfall",
  "control_WP_Aktenbestellung_DMC_label":"WP_Aktenbestellung_DMC",
  "control_WP_eM_Nachlieferung_IVST_IVST_label":
  "WP_eM_Nachlieferung_IVST_IVST","control_Mitglied_companyID_label":
  "UnternehmensID","control_WorkListFasade_dokEingangsdatum_label":
  "Dok-Eingangsdatum","pane_Geschaeftsfall_label":"Geschaeftsfall",
  "control_WorkListFasade_zusatzbezeichnung_label":"Zusatzbezeichnung",
  "control_MasterProcessID_label":"MasterProcessID",
  "control_WorkListFasade_versNachname_label":"Vers.-Nachname",
  "control_SP_Wiedervorlage_label":"SP_Wiedervorlage",
  "control_Versicherte_secureNumber_label":"Versicherungsnummer",
  "control_Versicherte_birthDate_label":"GeburtsDatum",
  "control_Geschaeftsfall_found_dokumentenArt_label":"dokumenten-Art",
  "control_Versicherte_lastName_label":"Nachname",
  "control_Dokument_documentDateOfReceipt_label":"DokEingangsDatum",
  "control_RuntimeIdentifier_label":"RuntimeIdentifier",
  "control_WorkListFasade_wiedervorlagedatum_label":"Wiedervorlagedatum",
  "control_Geschaeftsfall_messagePK_label":"PKNachricht",
  "control_Geschaeftsfall_processNumber_label":"GeschäftsfallNummer",
  "control_WorkListFasade_anmeldeNr_label":"Anmelde-Nr.",
  "control_WP_IK_Ausz_ZAS_best_EP_label":"WP_IK_Ausz_ZAS_best_EP",
  "control_WP_Geschaeftsfall_klammern_label":"WP_Geschaeftsfall_klammern",
  "control_Dokument_stackName_label":"Stapelname","pane_Dokument_label":
  "Dokument","control_WP_IK_Auszug_drucken_VP_label":
  "WP_IK_Auszug_drucken_VP","control_Versicherte_personID_label":
  "PersonenID","control_UserCompleteTaskGuid_label":"UserCompleteTaskGuid",
  "form_action_error_message":"Error in script for action {0} ({1}): {2}",
  "control_WorkListFasade_versVorname_label":"Vers.-Vorname",
  "pane_toolbar_label":"Toolbar","control_WorkListFasade_abrechNr_label":
  "Abrech.-Nr.","pane_Mitglied_label":"Mitglied",
  "control_Geschaeftsfall_workflowState_label":"WorkflowStatus",
  "control_Geschaeftsfall_ownerName_label":"BesitzerName",
  "control_submit_label":"Submit","control_Versicherte_sprache_label":
  "Sprache","control_Versicherte_gender_label":"Geschlecht",
  "control_Mitglied_foundingDate_label":"GründungsDatum",
  "control_Mitglied_additionalName_label":"Zusatzbezeichnung",
  "pane_Geschaeftsfall_found_property_rowLabel":"{0}",
  "control_Mitglied_MGPartnerID_label":"MGPartnerID",
  "control_WP_PV_Versicherter_mutieren_label":
  "WP_PV_Versicherter_mutieren","control_WP_Gesuch_anzeigen_label":
  "WP_Gesuch_anzeigen","control_actionToDo_label":"actionToDo",
  "control_Versicherte_title_label":"Anrede",
  "control_Versicherte_VSPartnerID_label":"VSPartnerID",
  "control_Dokument_documentNumber_label":"Dokumentennummer",
  "control_WP_WW_Protokolle_bearbeiten_label":
  "WP_WW_Protokolle_bearbeiten","control_Versicherte_degree_label":"Titel",
  "pane_messages_label":"Invalid Entries","control_Dokument_kurztext_label":
  "Kurztext","control_SP_Eigener_IV_Regressfall_an_RGD_label":
  "SP_Eigener_IV_Regressfall_an_RGD",
  "control_WorkListFasade_versichNr_label":"Versich.-Nr.",
  "control_WorkflowID_label":"WorkflowID",
  "control_WorkListFasade_unternehmensID_label":"Unternehmens-ID",
  "control_Geschaeftsfall_handlingReason_label":"BearbeitungsGrund",
  "control_Geschaeftsfall_feedback_label":"Rückmeldung",
  "control_Z_Fall_erledigt_Ablage_label":"Z_Fall_erledigt_Ablage",
  "control_Dokument_keyword_label":"Schlagwort",
  "control_Geschaeftsfall_urgent_label":"Dringend",
  "control_Dokument_documentSecurity_label":"DokSchutz",
  "control_Dokument_anmeldenummer_label":"Anmeldenummer",
  "control_action_label":"action","form_validation_error_message":
  "Error in script for validation {0} of Control {1} ({2}): {3}",
  "control_Geschaeftsfall_found_ahvNummer_label":"ahv-Nummer",
  "control_Versicherte_firstName_label":"Vorname",
  "control_Geschaeftsfall_workflowDate_label":"WorkflowDatum",
  "control_Dokument_documentType_label":"DokumenterArt",
  "control_Dokument_effortType_label":"LeistungsArt","control_cancel_label":
  "Cancel","pane_WorkListFasade_label":"WorkListFasade",
  "control_Geschaeftsfall_found_dossierID_label":"dossierID",
  "control_WorkListFasade_personenID_label":"Personen-ID",
  "control_Mitglied_anmeldenummer_label":"Anmeldenummer",
  "control_Weiterleitung_an_IV_Sachbearbeiter_label":
  "Weiterleitung_an_IV_Sachbearbeiter","control_Frist_label":"Frist",
  "control_Mitglied_accountNumber_label":"Abrechnungsnummer",
  "control_WP_Formular_zum_Gesuch_anzeigen_label":
  "WP_Formular_zum_Gesuch_anzeigen","control_WP_IK_Ausz_ZAS_best_VP_label":
  "WP_IK_Ausz_ZAS_best_VP","control_CorrelationID_label":"CorrelationID",
  "control_WP_IK_Auszug_drucken_EP_label":"WP_IK_Auszug_drucken_EP"}
