{"control_Dokument_stackName_label":"Stapelname",
  "control_SP_Verfuegungskopie_an_ZL_label":"SP_Verfuegungskopie_an_ZL",
  "pane_Dokument_label":"Dokument","control_UserCompleteTaskGuid_label":
  "UserCompleteTaskGuid","form_action_error_message":
  "Error in script for action {0} ({1}): {2}",
  "control_WorkListFasade_versVorname_label":"Vers.-Vorname",
  "pane_toolbar_label":"Toolbar","control_SP_Verfuegungskopie_an_RB_label":
  "SP_Verfuegungskopie_an_RB","control_WorkListFasade_abrechNr_label":
  "Abrech.-Nr.","control_WorkListFasade_dokumentenArt_label":
  "DokumentenArt","pane_Mitglied_label":"Mitglied",
  "control_Geschaeftsfall_workflowState_label":"WorkflowStatus",
  "control_Geschaeftsfall_ownerName_label":"BesitzerName",
  "control_Versicherter_VSPartnerID_label":"VSPartnerID",
  "control_submit_label":"Submit","control_SP_Abschluss_in_WebAI_label":
  "SP_Abschluss_in_WebAI","control_Mitglied_name_label":"Name",
  "control_Mitglied_foundingDate_label":"GründungsDatum",
  "control_Mitglied_additionalName_label":"Zusatzbezeichnung",
  "control_Dokument_documentScanDate_label":"DokScanDatum",
  "control_IVSachbearbeiter_label":"IV-Sachbearbeiter",
  "control_Versicherter_firstName_label":"Vorname",
  "control_Geschaeftsfall_typBezeichnung_label":"TypBezeichnung",
  "form_required_message":"{0} is a required field.",
  "control_Mitglied_MGPartnerID_label":"MGPartnerID",
  "control_Geschaeftsfall_senderName_label":"AbsenderName",
  "control_WP_Auszufuehrender_Versand_anzeigen_label":
  "WP_Auszufuehrender_Versand_anzeigen","control_WP_Gesuch_anzeigen_label":
  "WP_Gesuch_anzeigen","control_actionToDo_label":"actionToDo",
  "control_Dokument_dokumentID_label":"DokumentID",
  "control_Dokument_documentNumber_label":"Dokumentennummer",
  "control_WP_Journal_zum_Gesuch_anzeigen_label":
  "WP_Journal_zum_Gesuch_anzeigen","control_Dokument_formularempfnger_label":
  "Formularempfänger","control_WP_WW_Protokolle_bearbeiten_label":
  "WP_WW_Protokolle_bearbeiten","pane_content_label":
  "Mitteilung Bearbeiten (69)","control_Versicherter_gender_label":
  "Geschlecht","control_Geschaeftsfall_processUser_label":"Bearbeiter",
  "pane_messages_label":"Invalid Entries",
  "control_Geschaeftsfall_typNummer_label":"TypNummer",
  "control_Dokument_kurztext_label":"Kurztext",
  "control_WorkListFasade_versichNr_label":"Versich.-Nr.",
  "control_Versicherter_lastName_label":"Nachname","control_close_label":
  "Close","control_Geschaeftsfall_PKID_label":"PKID",
  "control_WorkListFasade_unternehmensID_label":"Unternehmens-ID",
  "control_Geschaeftsfall_handlingReason_label":"BearbeitungsGrund",
  "control_Dokument_kommentar_label":"Kommentar",
  "control_Geschaeftsfall_feedback_label":"Rückmeldung",
  "control_WorkListFasade_aktuelleBearbeiter_label":"aktuelle Bearbeiter",
  "control_SP_weitere_Gesuche_bearbeiten_label":
  "SP_weitere_Gesuche_bearbeiten","control_Dokument_keyword_label":
  "Schlagwort","control_Geschaeftsfall_urgent_label":"Dringend",
  "control_WP_eM_Aktenversand_an_UV_label":"WP_eM_Aktenversand_an_UV",
  "control_Dokument_documentSecurity_label":"DokSchutz",
  "control_SP_Taggeld_Meldung_an_AK_LEI_label":
  "SP_Taggeld_Meldung_an_AK_LEI","control_Dokument_anmeldenummer_label":
  "Anmeldenummer","pane_Versicherter_label":"Versicherter",
  "control_action_label":"action","form_validation_error_message":
  "Error in script for validation {0} of Control {1} ({2}): {3}",
  "control_Mitglied_companyID_label":"UnternehmensID",
  "control_SP_Mitteilungskopie_an_Regress_label":
  "SP_Mitteilungskopie_an_Regress",
  "control_WorkListFasade_dokEingangsdatum_label":"Dok-Eingangsdatum",
  "control_Geschaeftsfall_workflowDate_label":"WorkflowDatum",
  "control_Dokument_documentType_label":"DokumenterArt",
  "control_Dokument_effortType_label":"LeistungsArt",
  "pane_Geschaeftsfall_label":"Geschaeftsfall",
  "control_Versicherter_title_label":"Anrede",
  "control_WorkListFasade_zusatzbezeichnung_label":"Zusatzbezeichnung",
  "control_cancel_label":"Cancel","pane_WorkListFasade_label":
  "WorkListFasade","control_WP_Verfuegung_zum_Gesuch_label":
  "WP_Verfuegung_zum_Gesuch","control_MasterProcessID_label":
  "MasterProcessID","control_WorkListFasade_versNachname_label":
  "Vers.-Nachname","control_Versicherter_sprache_label":"Sprache",
  "control_WP_eM_Mitteilungskopie_Hilfsmittel_AHV_fuer_EL_label":
  "WP_eM_Mitteilungskopie_Hilfsmittel_AHV_fuer_EL",
  "control_WorkListFasade_personenID_label":"Personen-ID",
  "control_Versicherter_secureNumber_label":"Versicherungsnummer",
  "control_Versicherter_birthDate_label":"GeburtsDatum",
  "control_Dokument_documentDateOfReceipt_label":"DokEingangsDatum",
  "control_Mitglied_anmeldenummer_label":"Anmeldenummer",
  "control_Versicherter_personID_label":"PersonenID",
  "control_RuntimeIdentifier_label":"RuntimeIdentifier",
  "control_WorkListFasade_wiedervorlagedatum_label":"Wiedervorlagedatum",
  "control_Geschaeftsfall_messagePK_label":"PKNachricht",
  "control_Geschaeftsfall_processNumber_label":"GeschäftsfallNummer",
  "control_WorkListFasade_anmeldeNr_label":"Anmelde-Nr.",
  "control_Mitglied_accountNumber_label":"Abrechnungsnummer",
  "control_WorkListFasade_prozessstatus_label":"Prozessstatus",
  "control_Versicherter_degree_label":"Titel",
  "control_WP_eM_Mitt_des_Beschlusses_an_ext_AK_label":
  "WP_eM_Mitt_des_Beschlusses_an_ext_AK"}
