{"control_cancel_label":"Cancel","control_Wiedervorlage_Datum_label":
  "Wiedervorlage_Datum","pane_content_label":"Wiedervorlage Prüfen",
  "form_validation_error_message":
  "Error in script for validation {0} of Control {1} ({2}): {3}",
  "control_submit_label":"Submit","pane_messages_label":"Invalid Entries",
  "form_required_message":"{0} is a required field.","control_close_label":
  "Close","form_action_error_message":
  "Error in script for action {0} ({1}): {2}","pane_toolbar_label":
  "Toolbar"}
