{"pane_pane1_label":"Pane 1","control_geschftsfall_urgent_label":
  "Dringend","control_geschftsfall_workflowDate_label":"WorkflowDatum",
  "pane_pane3_label":"Pane 3","control_geschftsfall_typBezeichnung_label":
  "TypBezeichnung","pane_pane2_label":"Pane 2",
  "control_geschftsfall_typNummer_label":"TypNummer",
  "form_action_error_message":"Error in script for action {0} ({1}): {2}",
  "control_geschftsfall_processNumber_label":"GeschäftsfallNummer",
  "control_geschftsfall_handlingReason_label":"BearbeitungsGrund",
  "control_geschftsfall_senderName_label":"AbsenderName",
  "control_geschftsfall_feedback_label":"Rückmeldung","pane_content_label":
  "Geschaeftsfall","control_geschftsfall_ownerName_label":"BesitzerName",
  "form_validation_error_message":
  "Error in script for validation {0} of Control {1} ({2}): {3}",
  "control_geschftsfall_workflowState_label":"WorkflowStatus",
  "control_geschftsfall_processUser_label":"Bearbeiter",
  "control_geschftsfall_messagePK_label":"PKNachricht",
  "form_required_message":"{0} is a required field.",
  "control_geschftsfall_PKID_label":"PKID","pane_geschftsfall_label":
  "Geschäftsfall"}
