{"pane_mitglied_label":"Mitglied","control_mitglied_foundingDate_label":
  "GründungsDatum","control_mitglied_anmeldenummer_label":"Anmeldenummer",
  "control_mitglied_MGPartnerID_label":"MGPartnerID",
  "form_action_error_message":"Error in script for action {0} ({1}): {2}",
  "control_mitglied_name_label":"Name","pane_content_label":"Mitglied",
  "form_validation_error_message":
  "Error in script for validation {0} of Control {1} ({2}): {3}",
  "control_mitglied_accountNumber_label":"Abrechnungsnummer",
  "control_mitglied_companyID_label":"UnternehmensID",
  "form_required_message":"{0} is a required field.",
  "control_mitglied_additionalName_label":"Zusatzbezeichnung"}
