{"control_versicherter_title_label":"Anrede",
  "control_versicherter_degree_label":"Titel","pane_versicherter_label":
  "Versicherter","control_versicherter_sprache_label":"Sprache",
  "control_versicherter_gender_label":"Geschlecht",
  "control_versicherter_personID_label":"PersonenID",
  "form_action_error_message":"Error in script for action {0} ({1}): {2}",
  "control_versicherter_firstName_label":"Vorname",
  "control_versicherter_lastName_label":"Nachname","pane_content_label":
  "Versicherter","form_validation_error_message":
  "Error in script for validation {0} of Control {1} ({2}): {3}",
  "control_versicherter_birthDate_label":"GeburtsDatum",
  "control_versicherter_VSPartnerID_label":"VSPartnerID",
  "form_required_message":"{0} is a required field.",
  "control_versicherter_secureNumber_label":"Versicherungsnummer"}
