<?xml version="1.0" encoding="UTF-8"?><map>
	<obj id="_UkOCaQYmEem_4e3M9ri6oA" name="W Gesuch anzeigen (72.1)" x="561" y="74" width="117" height="76"/>
	<obj id="_UkOCawYmEem_4e3M9ri6oA" name="W Gesuch anzeigen (3000)" x="561" y="323" width="117" height="76"/>
	<obj id="_UkOCbgYmEem_4e3M9ri6oA" name="Z/ Fall erledigt - Ablage (72.3)" x="561" y="174" width="117" height="76"/>
	<obj id="_UkOCbwYmEem_4e3M9ri6oA" name="Folge Workflow starten" x="1012" y="249" width="117" height="75"/>
	<obj id="_WwXYEhJkEemgw6xHBUb9Lg" name="Script Task" x="445" y="80" width="96" height="64"/>
	<obj id="_UkOCeQYmEem_4e3M9ri6oA" name="Ende 1" x="728" y="197" width="37" height="47"/>
	<obj id="_RzUZ0BJlEemgw6xHBUb9Lg" name="End Event" x="1182" y="271" width="54" height="47"/>
	<obj id="_UkN_sQYmEem_4e3M9ri6oA" name="Automat" x="35" y="6" width="30" height="412"/>
	<obj id="_UkOCagYmEem_4e3M9ri6oA" name="Fall im WebAI abschliessen (71)" x="202" y="573" width="117" height="75"/>
	<obj id="_UkOCbAYmEem_4e3M9ri6oA" name="Sachleistungen prüfen (5)" x="668" y="443" width="117" height="75"/>
	<obj id="_UkOCdAYmEem_4e3M9ri6oA" name="" x="840" y="588" width="43" height="45"/>
	<obj id="_UkOCeAYmEem_4e3M9ri6oA" name="" x="881" y="686" width="43" height="45"/>
	<obj id="_UkOCegYmEem_4e3M9ri6oA" name="" x="357" y="588" width="43" height="45"/>
	<obj id="_UkOCewYmEem_4e3M9ri6oA" name="" x="1049" y="588" width="43" height="45"/>
	<obj id="_hJanYhBzEemC7fSLJGfkbw" name="Script Task_1" x="561" y="676" width="96" height="64"/>
	<obj id="_ra6FUhBzEemC7fSLJGfkbw" name="Script Task_2" x="561" y="578" width="96" height="64"/>
	<obj id="_UkOCZwYmEem_4e3M9ri6oA" name="Start" x="94" y="595" width="31" height="47"/>
	<obj id="_UkOCbQYmEem_4e3M9ri6oA" name="Ende 3" x="825" y="465" width="37" height="47"/>
	<obj id="_UkN_sgYmEem_4e3M9ri6oA" name="Sachbearbeiter SB1" x="35" y="420" width="30" height="546"/>
	<obj id="_UkN_sAYmEem_4e3M9ri6oA" name="Pool" x="5" y="5" width="30" height="964"/>
</map>
