<?xml version="1.0" encoding="UTF-8"?><map>
	<obj id="_UkOCDAYmEem_4e3M9ri6oA" name="W Formular zum Gesuch anzeigen (130.3)" x="461" y="48" width="117" height="76"/>
	<obj id="_UkOCDQYmEem_4e3M9ri6oA" name="W Aufträge zum Gesuch anzeigen (3022)_1" x="461" y="151" width="117" height="76"/>
	<obj id="_UkOCEwYmEem_4e3M9ri6oA" name="W Formular zum Gesuch anzeigen (132.3)" x="962" y="94" width="117" height="76"/>
	<obj id="_UkOCFwYmEem_4e3M9ri6oA" name="W Aufträge zum Gesuch anzeigen (3024)_1" x="1478" y="60" width="117" height="76"/>
	<obj id="_UkOCJgYmEem_4e3M9ri6oA" name="W Gesuch anzeigen (3000)" x="1478" y="198" width="117" height="76"/>
	<obj id="_UkOCKwYmEem_4e3M9ri6oA" name="W Formular zum Gesuch anzeigen (134.3)" x="1980" y="60" width="117" height="76"/>
	<obj id="_UkOCMQYmEem_4e3M9ri6oA" name="W Verfügung zum Gesuch (3002)" x="2425" y="48" width="117" height="76"/>
	<obj id="_UkOCMwYmEem_4e3M9ri6oA" name="W Aufträge zum Gesuch anzeigen (3022)" x="2425" y="178" width="117" height="76"/>
	<obj id="_UkOCNgYmEem_4e3M9ri6oA" name="W Aufträge zum Gesuch anzeigen (3024)" x="2135" y="178" width="117" height="76"/>
	<obj id="_GPUFoAoWEemSu908jdpcKg" name="SetAction_1" x="1301" y="66" width="96" height="64"/>
	<obj id="_HOyloAoWEemSu908jdpcKg" name="Script Task 2" x="1389" y="342" width="96" height="64"/>
	<obj id="_y-C-YAoXEemSu908jdpcKg" name="Script Task 3" x="2068" y="323" width="96" height="64"/>
	<obj id="_UkOCNAYmEem_4e3M9ri6oA" name="To 131" x="2578" y="201" width="36" height="47"/>
	<obj id="_UkN_3AYmEem_4e3M9ri6oA" name="Automat" x="35" y="6" width="30" height="410"/>
	<obj id="_UkOCGAYmEem_4e3M9ri6oA" name="RAD Sekretariat (133)" x="1747" y="510" width="117" height="76"/>
	<obj id="_UkOCJwYmEem_4e3M9ri6oA" name="Funktion?" x="1905" y="526" width="54" height="61"/>
	<obj id="_UkOCKAYmEem_4e3M9ri6oA" name="WL/M WL an Untersuchungen RAD (134.5)" x="1980" y="435" width="117" height="76"/>
	<obj id="_UkOCLAYmEem_4e3M9ri6oA" name="WW Protokolle bearbeiten (134.2)" x="1980" y="703" width="117" height="76"/>
	<obj id="_UkOCLgYmEem_4e3M9ri6oA" name="WL/M Weiterleiten an RAD Arzt (134.4)" x="1980" y="595" width="117" height="76"/>
	<obj id="_lmeq4AoYEemSu908jdpcKg" name="Script Task 5" x="2355" y="420" width="96" height="64"/>
	<obj id="_UkN_3QYmEem_4e3M9ri6oA" name="RADS" x="35" y="418" width="30" height="415"/>
	<obj id="_UkOCBwYmEem_4e3M9ri6oA" name="Anfrage RAD (129)" x="188" y="942" width="117" height="76"/>
	<obj id="_UkOCCgYmEem_4e3M9ri6oA" name="Funktion_1" x="326" y="958" width="60" height="61"/>
	<obj id="_UkOCCwYmEem_4e3M9ri6oA" name="WW Protokolle bearbeiten (130.1)" x="562" y="942" width="117" height="76"/>
	<obj id="_UkOCDgYmEem_4e3M9ri6oA" name="Anfrage RAD (131)" x="822" y="942" width="117" height="76"/>
	<obj id="_UkOCEQYmEem_4e3M9ri6oA" name="Funktion_2" x="957" y="958" width="60" height="61"/>
	<obj id="_UkOCEgYmEem_4e3M9ri6oA" name="WW Protokolle bearbeiten (132.1)" x="1192" y="1168" width="117" height="76"/>
	<obj id="_UkOCFAYmEem_4e3M9ri6oA" name="Anfrage RAD abschliessen (135)" x="1192" y="976" width="117" height="76"/>
	<obj id="_UkOCGwYmEem_4e3M9ri6oA" name="Weiterleiten RAD Sekr. (132.4)" x="1192" y="877" width="117" height="76"/>
	<obj id="_UkOCHgYmEem_4e3M9ri6oA" name="WL/M_2 Weiterleiten manuell ?????" x="1192" y="1071" width="117" height="76"/>
	<obj id="_UkOCIwYmEem_4e3M9ri6oA" name="WL/M Weiterleiten manuell ?????" x="1349" y="976" width="117" height="76"/>
	<obj id="_9D3-4AoXEemSu908jdpcKg" name="Script Task 4" x="434" y="948" width="96" height="64"/>
	<obj id="_UkOCBgYmEem_4e3M9ri6oA" name="Start" x="84" y="965" width="31" height="47"/>
	<obj id="_UkOCNQYmEem_4e3M9ri6oA" name="From 3022" x="674" y="868" width="57" height="47"/>
	<obj id="_UkN_3gYmEem_4e3M9ri6oA" name="RAD" x="35" y="835" width="30" height="503"/>
	<obj id="_UkOCLQYmEem_4e3M9ri6oA" name="Beschluss fassen (59)" x="2663" y="1387" width="117" height="76"/>
	<obj id="_UkOCIgYmEem_4e3M9ri6oA" name="Ende 1" x="1810" y="1410" width="37" height="47"/>
	<obj id="_UkOCMgYmEem_4e3M9ri6oA" name="Ende 2" x="2814" y="1410" width="37" height="47"/>
	<obj id="_UkN_3wYmEem_4e3M9ri6oA" name="Sachbearbeiter SB1" x="35" y="1340" width="30" height="168"/>
	<obj id="_UkN_2wYmEem_4e3M9ri6oA" name="Pool" x="5" y="5" width="30" height="1506"/>
</map>
