<?xml version="1.0" encoding="UTF-8"?><map>
	<obj id="_UkOBqgYmEem_4e3M9ri6oA" name="SDX Auftrag ausführen" x="1231" y="316" width="117" height="75"/>
	<obj id="_UkOBqwYmEem_4e3M9ri6oA" name="Folge Workflow starten" x="1231" y="420" width="117" height="75"/>
	<obj id="_UkOBswYmEem_4e3M9ri6oA" name="W Journal zum Gesuch anzeigen (3009)" x="654" y="360" width="117" height="75"/>
	<obj id="_UkOBvQYmEem_4e3M9ri6oA" name="" x="997" y="57" width="43" height="45"/>
	<obj id="_UkOB0QYmEem_4e3M9ri6oA" name="W Auszuführender Versand anzei (70.10)" x="831" y="42" width="117" height="75"/>
	<obj id="_UkOB0gYmEem_4e3M9ri6oA" name="W Verfügung zum Gesuch (70.11)" x="831" y="132" width="117" height="75"/>
	<obj id="_UkOB1AYmEem_4e3M9ri6oA" name="W Gesuch anzeigen (3000)" x="1347" y="213" width="117" height="76"/>
	<obj id="_UkOBKQYmEem_4e3M9ri6oA" name="Automat" x="35" y="6" width="30" height="520"/>
	<obj id="_UkOBrgYmEem_4e3M9ri6oA" name="Mitteilung bearbeiten (69)" x="235" y="659" width="117" height="75"/>
	<obj id="_UkOBrwYmEem_4e3M9ri6oA" name="Funktion?" x="395" y="674" width="54" height="61"/>
	<obj id="_UkOBtAYmEem_4e3M9ri6oA" name="Fall im WebAI abschliessen (71)" x="820" y="554" width="117" height="75"/>
	<obj id="_UkOBvAYmEem_4e3M9ri6oA" name="" x="857" y="674" width="43" height="45"/>
	<obj id="_UkOBvgYmEem_4e3M9ri6oA" name="" x="898" y="770" width="43" height="45"/>
	<obj id="_UkOBvwYmEem_4e3M9ri6oA" name="" x="938" y="870" width="43" height="45"/>
	<obj id="_UkOBzAYmEem_4e3M9ri6oA" name="" x="979" y="964" width="43" height="45"/>
	<obj id="_UkOBzQYmEem_4e3M9ri6oA" name="" x="1061" y="1168" width="43" height="45"/>
	<obj id="_UkOBzgYmEem_4e3M9ri6oA" name="" x="1020" y="1067" width="43" height="45"/>
	<obj id="_UkOBzwYmEem_4e3M9ri6oA" name="" x="1102" y="1269" width="43" height="45"/>
	<obj id="_UkOB0AYmEem_4e3M9ri6oA" name="WW Protokolle bearbeiten (70.6)" x="706" y="1356" width="117" height="75"/>
	<obj id="_UkOB0wYmEem_4e3M9ri6oA" name="" x="1354" y="674" width="43" height="45"/>
	<obj id="_UkOB1QYmEem_4e3M9ri6oA" name="Sachleistungen prüfen (5)" x="1568" y="1356" width="117" height="75"/>
	<obj id="_bEqFEBByEemC7fSLJGfkbw" name="Script Task_1" x="871" y="1259" width="96" height="64"/>
	<obj id="_iyprgBByEemC7fSLJGfkbw" name="Script Task_2" x="865" y="1158" width="96" height="64"/>
	<obj id="_nENAQBByEemC7fSLJGfkbw" name="Script Task_3" x="865" y="1057" width="96" height="64"/>
	<obj id="_6HsfUBByEemC7fSLJGfkbw" name="Script Task" x="852" y="954" width="96" height="64"/>
	<obj id="_UkOBqQYmEem_4e3M9ri6oA" name="Start" x="121" y="681" width="31" height="47"/>
	<obj id="_UkOBtQYmEem_4e3M9ri6oA" name="zurück" x="968" y="576" width="37" height="47"/>
	<obj id="_UkOB1gYmEem_4e3M9ri6oA" name="Ende 3" x="1713" y="1378" width="37" height="47"/>
	<obj id="_UkOBKgYmEem_4e3M9ri6oA" name="Sachbearbeiter SB1" x="35" y="528" width="30" height="1002"/>
	<obj id="_UkOBKAYmEem_4e3M9ri6oA" name="Pool" x="5" y="5" width="30" height="1528"/>
</map>
