<?xml version="1.0" encoding="UTF-8"?><map>
	<obj id="_UkOAjwYmEem_4e3M9ri6oA" name="V PV Versicherter mutieren (1020)" x="476" y="59" width="119" height="75"/>
	<obj id="_UkOAmwYmEem_4e3M9ri6oA" name="Folge Workflow starten" x="1552" y="819" width="117" height="75"/>
	<obj id="_UkOAoQYmEem_4e3M9ri6oA" name="W Formular zum Gesuch anzeigen (6.21)" x="1127" y="111" width="119" height="75"/>
	<obj id="_UkOAogYmEem_4e3M9ri6oA" name="W Gesuch anzeigen (6.22)" x="1128" y="225" width="117" height="75"/>
	<obj id="_UkOAowYmEem_4e3M9ri6oA" name="V IK Auszug drucken VP (6.20)" x="987" y="516" width="119" height="75"/>
	<obj id="_UkOApAYmEem_4e3M9ri6oA" name=" V IK Ausz ZAS best.  VP (6.17)" x="987" y="168" width="119" height="75"/>
	<obj id="_UkOApQYmEem_4e3M9ri6oA" name="W Verhandlungspartner anzeigen (6.24)" x="1126" y="461" width="119" height="75"/>
	<obj id="_UkOApgYmEem_4e3M9ri6oA" name="W Zuteilung zum Gesuch anzeigen (6.25)" x="987" y="638" width="119" height="75"/>
	<obj id="_UkOApwYmEem_4e3M9ri6oA" name="W Journal zum Gesuch anzeigen (6.23)" x="1127" y="344" width="119" height="75"/>
	<obj id="_UkOAqAYmEem_4e3M9ri6oA" name="V IK Auszug drucken EP (6.19)" x="987" y="402" width="119" height="75"/>
	<obj id="_UkOAqQYmEem_4e3M9ri6oA" name="V IK Ausz ZAS best. löschen (6.18)" x="987" y="286" width="119" height="75"/>
	<obj id="_UkOAqgYmEem_4e3M9ri6oA" name="V IK Ausz ZAS best.  EP (6.16)" x="987" y="59" width="119" height="75"/>
	<obj id="_UkOAvQYmEem_4e3M9ri6oA" name="SDX Auftrag ausführen" x="1436" y="701" width="117" height="75"/>
	<obj id="_UkOAxAYmEem_4e3M9ri6oA" name="Service?" x="811" y="183" width="44" height="61"/>
	<obj id="_UkOAxQYmEem_4e3M9ri6oA" name="" x="1528" y="74" width="43" height="45"/>
	<obj id="_UkOA0AYmEem_4e3M9ri6oA" name="W Verfügung zum Gesuch (3014)" x="1128" y="579" width="117" height="76"/>
	<obj id="_65QAIQ9WEemQq6K7WaVxVw" name="Set RTI SUVA" x="1407" y="867" width="96" height="64"/>
	<obj id="_DCVnIg9XEemQq6K7WaVxVw" name="set RTI RGD" x="1407" y="797" width="96" height="64"/>
	<obj id="_UkOA0gYmEem_4e3M9ri6oA" name="To 95" x="1301" y="602" width="31" height="47"/>
	<obj id="_UkOCXgYmEem_4e3M9ri6oA" name="Automat" x="35" y="6" width="30" height="935"/>
	<obj id="_UkOAvwYmEem_4e3M9ri6oA" name="Partnerdaten mutieren" x="387" y="980" width="117" height="75"/>
	<obj id="_UkOAzQYmEem_4e3M9ri6oA" name="W Aufträge zum Gesuch anzeigen (3016)" x="655" y="1025" width="117" height="75"/>
	<obj id="_UkOCXwYmEem_4e3M9ri6oA" name="DMC" x="35" y="943" width="30" height="200"/>
	<obj id="_UkOAtAYmEem_4e3M9ri6oA" name="eM Nachlieferung IVST (6.11)" x="1178" y="1182" width="119" height="75"/>
	<obj id="_Qd4GkA9UEemQq6K7WaVxVw" name="" x="692" y="1244" width="43" height="45"/>
	<obj id="_UkOCYAYmEem_4e3M9ri6oA" name="Sekretariat SK" x="35" y="1145" width="30" height="154"/>
	<obj id="_UkOAywYmEem_4e3M9ri6oA" name="Anfrage RD (99)" x="854" y="1330" width="117" height="75"/>
	<obj id="_UkOCYQYmEem_4e3M9ri6oA" name="RD" x="35" y="1301" width="30" height="124"/>
	<obj id="_UkOAyQYmEem_4e3M9ri6oA" name="Auftrag AD (101)" x="854" y="1457" width="117" height="75"/>
	<obj id="_UkOCYgYmEem_4e3M9ri6oA" name="AD" x="35" y="1427" width="30" height="128"/>
	<obj id="_UkOAxgYmEem_4e3M9ri6oA" name="Anfrage BSV (105)" x="854" y="1579" width="117" height="75"/>
	<obj id="_UkOCYwYmEem_4e3M9ri6oA" name="KPL" x="35" y="1557" width="30" height="118"/>
	<obj id="_UkOAxwYmEem_4e3M9ri6oA" name="Anfrage RAD (129)" x="854" y="1703" width="117" height="75"/>
	<obj id="_UkOAzwYmEem_4e3M9ri6oA" name="" x="1043" y="1718" width="43" height="45"/>
	<obj id="_UkOCZAYmEem_4e3M9ri6oA" name="RAD" x="35" y="1677" width="30" height="155"/>
	<obj id="_UkOAiQYmEem_4e3M9ri6oA" name="Sachleistungen prüfen SB (5)" x="158" y="1952" width="117" height="75"/>
	<obj id="_UkOAjAYmEem_4e3M9ri6oA" name="Funktion?" x="301" y="1967" width="54" height="61"/>
	<obj id="_UkOAjQYmEem_4e3M9ri6oA" name="Beschluss fassen (59)" x="1245" y="2616" width="117" height="75"/>
	<obj id="_UkOAjgYmEem_4e3M9ri6oA" name="EXC Excel-Dokumente (6.12)" x="997" y="2366" width="119" height="75"/>
	<obj id="_UkOAkAYmEem_4e3M9ri6oA" name="vmV prüfen (39)" x="998" y="2616" width="117" height="75"/>
	<obj id="_UkOAmQYmEem_4e3M9ri6oA" name="" x="1172" y="1969" width="43" height="45"/>
	<obj id="_UkOAmgYmEem_4e3M9ri6oA" name="" x="1172" y="2045" width="43" height="45"/>
	<obj id="_UkOAnQYmEem_4e3M9ri6oA" name="Fall ins Pendenzenfach (6.13)" x="998" y="2446" width="117" height="75"/>
	<obj id="_UkOAoAYmEem_4e3M9ri6oA" name="WW Protokolle bearbeiten (6.14)" x="998" y="2529" width="117" height="75"/>
	<obj id="_UkOAugYmEem_4e3M9ri6oA" name="" x="1133" y="1880" width="43" height="45"/>
	<obj id="_UkOAuwYmEem_4e3M9ri6oA" name="" x="1254" y="2135" width="43" height="45"/>
	<obj id="_UkOAvAYmEem_4e3M9ri6oA" name="" x="1295" y="2219" width="43" height="45"/>
	<obj id="_UkOAvgYmEem_4e3M9ri6oA" name="" x="1336" y="2300" width="43" height="45"/>
	<obj id="_UkOA0QYmEem_4e3M9ri6oA" name="" x="1552" y="1880" width="43" height="45"/>
	<obj id="_UkOA1AYmEem_4e3M9ri6oA" name="Einw.zu Vorbescheid bearb. (95)" x="1245" y="2741" width="117" height="75"/>
	<obj id="_UkN_tQYmEem_4e3M9ri6oA" name="VM IO / NICHT IO" x="1136" y="2689" width="82" height="50"/>
	<obj id="_UkOAiAYmEem_4e3M9ri6oA" name="Start" x="95" y="1974" width="31" height="47"/>
	<obj id="_UkOAwwYmEem_4e3M9ri6oA" name="zurück Eingang prüfen" x="381" y="2119" width="45" height="77"/>
	<obj id="_UkOA0wYmEem_4e3M9ri6oA" name="From 3014" x="1149" y="2763" width="57" height="47"/>
	<obj id="_UkOCZQYmEem_4e3M9ri6oA" name="Sachbearbeiter SB1" x="35" y="1834" width="30" height="1072"/>
	<obj id="_UkOCXQYmEem_4e3M9ri6oA" name="Pool" x="5" y="5" width="30" height="2904"/>
</map>
