<?xml version="1.0" encoding="UTF-8"?><map>
	<obj id="_UkN_5wYmEem_4e3M9ri6oA" name="W Verfügung zum Gesuch" x="781" y="585" width="117" height="76"/>
	<obj id="_UkN_6gYmEem_4e3M9ri6oA" name="IV-Textkatalog öffnen (60.3)" x="781" y="175" width="117" height="76"/>
	<obj id="_UkN_6wYmEem_4e3M9ri6oA" name="W Auszuführender Versand anzeigen (60.5)" x="781" y="257" width="117" height="76"/>
	<obj id="_UkN_7AYmEem_4e3M9ri6oA" name="W Formular zum Gesuch anzeigen (60.6)" x="781" y="339" width="117" height="76"/>
	<obj id="_UkN_7QYmEem_4e3M9ri6oA" name="W Verfügung zum Gesuch (60.7)" x="781" y="421" width="117" height="76"/>
	<obj id="_UkN_7gYmEem_4e3M9ri6oA" name="W Verhandlungspartner anzeigen (60.8)" x="781" y="502" width="117" height="76"/>
	<obj id="_UkN_7wYmEem_4e3M9ri6oA" name="" x="1123" y="191" width="43" height="45"/>
	<obj id="_UkN_8gYmEem_4e3M9ri6oA" name="Beschluss prüfen (65)" x="920" y="837" width="117" height="76"/>
	<obj id="_UkN__AYmEem_4e3M9ri6oA" name="Beschluss visiert (67)" x="908" y="707" width="117" height="76"/>
	<obj id="_UkOBeAYmEem_4e3M9ri6oA" name="Automat" x="35" y="6" width="30" height="923"/>
	<obj id="_UkN_8AYmEem_4e3M9ri6oA" name="W Auszuführender Versand anzeigen (3006)" x="623" y="943" width="117" height="76"/>
	<obj id="_UkN_8QYmEem_4e3M9ri6oA" name="W Verfügung zum Gesuch (3004)" x="815" y="992" width="117" height="76"/>
	<obj id="_UkOBeQYmEem_4e3M9ri6oA" name="VG / SB2" x="35" y="931" width="30" height="147"/>
	<obj id="_UkN_6AYmEem_4e3M9ri6oA" name="WW Protokolle bearbeiten (60.4)" x="590" y="1333" width="117" height="76"/>
	<obj id="_UkN_6QYmEem_4e3M9ri6oA" name="Funktion?" x="354" y="1181" width="54" height="61"/>
	<obj id="_UkN_8wYmEem_4e3M9ri6oA" name="Beschluss fassen (59)" x="165" y="1165" width="117" height="76"/>
	<obj id="_UkN_9gYmEem_4e3M9ri6oA" name="Beschluss zur Prüfung (60.2)" x="590" y="1240" width="117" height="76"/>
	<obj id="_UkN_-QYmEem_4e3M9ri6oA" name="WL/M Weiterleiten manuell ?????" x="590" y="1464" width="117" height="76"/>
	<obj id="_9Y_eIBAIEemQq6K7WaVxVw" name="Script Task" x="825" y="1119" width="96" height="64"/>
	<obj id="_co2zcBAJEemQq6K7WaVxVw" name="Script Task_1" x="633" y="1119" width="96" height="64"/>
	<obj id="_UkN_5QYmEem_4e3M9ri6oA" name="Start" x="93" y="1188" width="31" height="47"/>
	<obj id="_UkN_5gYmEem_4e3M9ri6oA" name="zurück" x="761" y="1487" width="37" height="47"/>
	<obj id="_UkOBegYmEem_4e3M9ri6oA" name="Sachbearbeiter SB1" x="35" y="1080" width="30" height="470"/>
	<obj id="_UkOBdwYmEem_4e3M9ri6oA" name="Pool" x="5" y="5" width="30" height="1548"/>
</map>
