<?xml version="1.0" encoding="UTF-8"?><map>
	<obj id="_UkOBOgYmEem_4e3M9ri6oA" name="W Gesuch anzeigen (3000)_NOK" x="641" y="62" width="117" height="76"/>
	<obj id="_UkOBOwYmEem_4e3M9ri6oA" name="W Gesuch anzeigen (3000)_OK" x="641" y="177" width="117" height="76"/>
	<obj id="_UkOBOAYmEem_4e3M9ri6oA" name="Zurück OK" x="811" y="200" width="58" height="47"/>
	<obj id="_UkOBOQYmEem_4e3M9ri6oA" name="Zurück NotOK" x="821" y="85" width="39" height="62"/>
	<obj id="_UkOCkQYmEem_4e3M9ri6oA" name="Automat" x="35" y="6" width="30" height="344"/>
	<obj id="_UkOBMQYmEem_4e3M9ri6oA" name="Anfrage BSV (105)" x="174" y="412" width="117" height="76"/>
	<obj id="_UkOBNQYmEem_4e3M9ri6oA" name="Funktion?" x="323" y="428" width="54" height="61"/>
	<obj id="_1_RqWAY6Eem_4e3M9ri6oA" name="WP_CALLS" x="604" y="412" width="117" height="76"/>
	<obj id="_UkOBMAYmEem_4e3M9ri6oA" name="Start" x="108" y="435" width="31" height="47"/>
	<obj id="_UkOCkgYmEem_4e3M9ri6oA" name="KPL" x="35" y="352" width="30" height="239"/>
	<obj id="_UkOCkAYmEem_4e3M9ri6oA" name="Pool" x="5" y="5" width="30" height="589"/>
</map>
