<?xml version="1.0" encoding="UTF-8"?><map>
	<obj id="_UkOCnAYmEem_4e3M9ri6oA" name="WP_CALLS" x="481" y="82" width="117" height="76"/>
	<obj id="_UkOCoQYmEem_4e3M9ri6oA" name="W Gesuch anzeigen (3000)" x="699" y="178" width="117" height="76"/>
	<obj id="_UkN_4QYmEem_4e3M9ri6oA" name="Automat" x="35" y="6" width="30" height="286"/>
	<obj id="_UkOCmAYmEem_4e3M9ri6oA" name="Anfrage RD (101)" x="167" y="574" width="117" height="76"/>
	<obj id="_UkOCmwYmEem_4e3M9ri6oA" name="EXC Excel-Dokumente (102.1)" x="527" y="462" width="117" height="76"/>
	<obj id="_UkOCngYmEem_4e3M9ri6oA" name="Funktion?" x="304" y="590" width="54" height="61"/>
	<obj id="_UkOCowYmEem_4e3M9ri6oA" name="WL/M Weiterleiten manuell ?????" x="527" y="344" width="117" height="76"/>
	<obj id="_UkOClwYmEem_4e3M9ri6oA" name="Start" x="93" y="597" width="31" height="47"/>
	<obj id="_UkN_4gYmEem_4e3M9ri6oA" name="AD" x="35" y="294" width="30" height="444"/>
	<obj id="_UkOCoAYmEem_4e3M9ri6oA" name="zurück" x="1026" y="803" width="37" height="47"/>
	<obj id="_UkN_4wYmEem_4e3M9ri6oA" name="Sachbearbeiter SB1" x="35" y="740" width="30" height="160"/>
	<obj id="_UkN_4AYmEem_4e3M9ri6oA" name="Pool" x="5" y="5" width="30" height="898"/>
</map>
