<?xml version="1.0" encoding="UTF-8"?><map>
	<obj id="_UkOBVAYmEem_4e3M9ri6oA" name="W Verfügung zum Gesuch (3010)" x="660" y="404" width="117" height="76"/>
	<obj id="_G5zLwBBmEemgUacshDsXHg" name="" x="854" y="420" width="43" height="45"/>
	<obj id="_UkOClAYmEem_4e3M9ri6oA" name="Automat" x="35" y="6" width="30" height="559"/>
	<obj id="_UkOBSQYmEem_4e3M9ri6oA" name="Beschluss visiert (67)" x="211" y="655" width="117" height="76"/>
	<obj id="_UkOBTAYmEem_4e3M9ri6oA" name="WW Protokolle bearbeiten (68.3)" x="675" y="655" width="117" height="76"/>
	<obj id="_UkOBTgYmEem_4e3M9ri6oA" name="Mitteilung bearbeiten (69)" x="1047" y="604" width="117" height="75"/>
	<obj id="_UkOBTwYmEem_4e3M9ri6oA" name="" x="364" y="671" width="43" height="45"/>
	<obj id="_UkOBUQYmEem_4e3M9ri6oA" name="Verfügung drucken (77)" x="1047" y="698" width="117" height="75"/>
	<obj id="_UkOBUwYmEem_4e3M9ri6oA" name="Vorbescheidverfahren (73)" x="1047" y="794" width="117" height="75"/>
	<obj id="_UkOBVQYmEem_4e3M9ri6oA" name="weitere Gesuche bearbeiten?" x="1393" y="624" width="88" height="76"/>
	<obj id="_UkOBVgYmEem_4e3M9ri6oA" name="W Gesuch anzeigen (3000)" x="1469" y="729" width="117" height="76"/>
	<obj id="_UkOBWAYmEem_4e3M9ri6oA" name="Sachleistungen prüfen (5)" x="1614" y="730" width="117" height="75"/>
	<obj id="_UkOBWgYmEem_4e3M9ri6oA" name="" x="854" y="671" width="43" height="45"/>
	<obj id="_mkhboBBnEemgUacshDsXHg" name="Weitere Gesuche bearbeiten?" x="1249" y="608" width="117" height="76"/>
	<obj id="_UkOBSAYmEem_4e3M9ri6oA" name="Start" x="108" y="678" width="31" height="47"/>
	<obj id="_UkOBVwYmEem_4e3M9ri6oA" name="Ende1" x="1593" y="631" width="34" height="47"/>
	<obj id="_UkOBWQYmEem_4e3M9ri6oA" name="Ende2" x="1759" y="752" width="34" height="47"/>
	<obj id="_UkOClQYmEem_4e3M9ri6oA" name="Sachbearbeiter SB1" x="35" y="567" width="30" height="356"/>
	<obj id="_UkOCkwYmEem_4e3M9ri6oA" name="Pool" x="5" y="5" width="30" height="921"/>
</map>
