<?xml version="1.0" encoding="UTF-8"?><map>
	<obj id="__47zRRB0EemC7fSLJGfkbw" name="SDX Auftrag ausführen" x="1231" y="316" width="117" height="75"/>
	<obj id="__47zRhB0EemC7fSLJGfkbw" name="Folge Workflow starten" x="1231" y="420" width="117" height="75"/>
	<obj id="__47zSxB0EemC7fSLJGfkbw" name="W Journal zum Gesuch anzeigen (3009)" x="654" y="360" width="117" height="75"/>
	<obj id="__47zTxB0EemC7fSLJGfkbw" name="" x="997" y="57" width="43" height="45"/>
	<obj id="__47zVxB0EemC7fSLJGfkbw" name="W Auszuführender Versand anzei (70.10)" x="831" y="42" width="117" height="75"/>
	<obj id="__47zWBB0EemC7fSLJGfkbw" name="W Verfügung zum Gesuch (70.11)" x="831" y="132" width="117" height="75"/>
	<obj id="__47zWhB0EemC7fSLJGfkbw" name="W Gesuch anzeigen (3000)" x="1347" y="213" width="117" height="76"/>
	<obj id="__47zQRB0EemC7fSLJGfkbw" name="Automat" x="35" y="6" width="30" height="520"/>
	<obj id="__47zRxB0EemC7fSLJGfkbw" name="Mitteilung bearbeiten (69)" x="235" y="659" width="117" height="75"/>
	<obj id="__47zShB0EemC7fSLJGfkbw" name="Funktion?" x="395" y="674" width="54" height="61"/>
	<obj id="__47zTBB0EemC7fSLJGfkbw" name="Fall im WebAI abschliessen (71)" x="820" y="554" width="117" height="75"/>
	<obj id="__47zThB0EemC7fSLJGfkbw" name="" x="857" y="674" width="43" height="45"/>
	<obj id="__47zUBB0EemC7fSLJGfkbw" name="" x="898" y="770" width="43" height="45"/>
	<obj id="__47zURB0EemC7fSLJGfkbw" name="" x="938" y="870" width="43" height="45"/>
	<obj id="__47zUhB0EemC7fSLJGfkbw" name="" x="979" y="964" width="43" height="45"/>
	<obj id="__47zUxB0EemC7fSLJGfkbw" name="" x="1061" y="1168" width="43" height="45"/>
	<obj id="__47zVBB0EemC7fSLJGfkbw" name="" x="1020" y="1067" width="43" height="45"/>
	<obj id="__47zVRB0EemC7fSLJGfkbw" name="" x="1102" y="1269" width="43" height="45"/>
	<obj id="__47zVhB0EemC7fSLJGfkbw" name="WW Protokolle bearbeiten (70.6)" x="706" y="1356" width="117" height="75"/>
	<obj id="__47zWRB0EemC7fSLJGfkbw" name="" x="1354" y="674" width="43" height="45"/>
	<obj id="__48aUBB0EemC7fSLJGfkbw" name="Sachleistungen prüfen (5)" x="1568" y="1356" width="117" height="75"/>
	<obj id="__48aUhB0EemC7fSLJGfkbw" name="Script Task_1" x="871" y="1259" width="96" height="64"/>
	<obj id="__48aUxB0EemC7fSLJGfkbw" name="Script Task_2" x="865" y="1158" width="96" height="64"/>
	<obj id="__48aVBB0EemC7fSLJGfkbw" name="Script Task_3" x="865" y="1057" width="96" height="64"/>
	<obj id="__48aVRB0EemC7fSLJGfkbw" name="Script Task" x="852" y="954" width="96" height="64"/>
	<obj id="__47zRBB0EemC7fSLJGfkbw" name="Start" x="121" y="681" width="31" height="47"/>
	<obj id="__47zTRB0EemC7fSLJGfkbw" name="zurück" x="968" y="576" width="37" height="47"/>
	<obj id="__48aURB0EemC7fSLJGfkbw" name="Ende 3" x="1713" y="1378" width="37" height="47"/>
	<obj id="__47zQhB0EemC7fSLJGfkbw" name="Sachbearbeiter SB1" x="35" y="528" width="30" height="1002"/>
	<obj id="__47zQBB0EemC7fSLJGfkbw" name="Pool" x="5" y="5" width="30" height="1528"/>
</map>
