<?xml version="1.0" encoding="UTF-8"?><map>
	<obj id="_UkN_uwYmEem_4e3M9ri6oA" name="W Formular zum Gesuch anzeigen (96.4)" x="460" y="221" width="117" height="76"/>
	<obj id="_UkN_vgYmEem_4e3M9ri6oA" name="Folge Workflow starten" x="724" y="56" width="117" height="75"/>
	<obj id="_UkN_wwYmEem_4e3M9ri6oA" name="W Verfügung zum Gesuch (3002)" x="1033" y="163" width="117" height="76"/>
	<obj id="_UkN_xwYmEem_4e3M9ri6oA" name="W Gesuch anzeigen (3000)" x="840" y="248" width="117" height="76"/>
	<obj id="_UkN_xgYmEem_4e3M9ri6oA" name="Ende 1" x="886" y="78" width="37" height="47"/>
	<obj id="_UkOBcQYmEem_4e3M9ri6oA" name="Automat" x="35" y="6" width="30" height="342"/>
	<obj id="_UkN_uAYmEem_4e3M9ri6oA" name="Einw.zu Vorbescheid bearb. (95)" x="201" y="475" width="117" height="76"/>
	<obj id="_UkN_vAYmEem_4e3M9ri6oA" name="WW Protokolle bearbeiten (96.3)" x="460" y="578" width="117" height="76"/>
	<obj id="_UkN_vQYmEem_4e3M9ri6oA" name="Funktion?" x="344" y="491" width="54" height="61"/>
	<obj id="_UkN_vwYmEem_4e3M9ri6oA" name="WL/M:GPNEU Auftrag Akteneinsicht (96.1)" x="460" y="418" width="117" height="75"/>
	<obj id="_UkN_wgYmEem_4e3M9ri6oA" name="Beschluss fassen (59)" x="1194" y="401" width="117" height="76"/>
	<obj id="_UkN_xQYmEem_4e3M9ri6oA" name="" x="614" y="433" width="43" height="45"/>
	<obj id="_UkN_yAYmEem_4e3M9ri6oA" name="Sachleistungen prüfen (5)" x="1033" y="523" width="117" height="75"/>
	<obj id="_UkN_twYmEem_4e3M9ri6oA" name="Start" x="107" y="498" width="31" height="47"/>
	<obj id="_UkN_xAYmEem_4e3M9ri6oA" name="Ende 2" x="1348" y="424" width="37" height="47"/>
	<obj id="_UkN_yQYmEem_4e3M9ri6oA" name="Ende 3" x="1192" y="545" width="37" height="47"/>
	<obj id="_UkOBcgYmEem_4e3M9ri6oA" name="Sachbearbeiter SB1" x="35" y="350" width="30" height="428"/>
	<obj id="_UkOBcAYmEem_4e3M9ri6oA" name="Pool" x="5" y="5" width="30" height="776"/>
</map>
