<?xml version="1.0" encoding="UTF-8"?><map>
	<obj id="_UkOAHgYmEem_4e3M9ri6oA" name="WP_CALLS" x="595" y="264" width="117" height="76"/>
	<obj id="_UkOAIQYmEem_4e3M9ri6oA" name="" x="811" y="280" width="43" height="45"/>
	<obj id="_UkOBLAYmEem_4e3M9ri6oA" name="Automat" x="35" y="6" width="30" height="462"/>
	<obj id="_UkOAGQYmEem_4e3M9ri6oA" name="Anfrage RD (99)" x="192" y="626" width="117" height="76"/>
	<obj id="_UkOAIAYmEem_4e3M9ri6oA" name="Funktion?" x="343" y="642" width="54" height="61"/>
	<obj id="_UkOAIgYmEem_4e3M9ri6oA" name="WL/M Weiterleiten manuell ?????" x="554" y="626" width="117" height="76"/>
	<obj id="_UkOAJQYmEem_4e3M9ri6oA" name="W Gesuch anzeigen (3000)" x="811" y="626" width="117" height="76"/>
	<obj id="_G_DbcBJkEemgw6xHBUb9Lg" name="Script Task" x="701" y="632" width="96" height="64"/>
	<obj id="_UkOAGAYmEem_4e3M9ri6oA" name="Start" x="106" y="649" width="31" height="47"/>
	<obj id="_UkOBLQYmEem_4e3M9ri6oA" name="RD" x="35" y="470" width="30" height="321"/>
	<obj id="_UkOAJwYmEem_4e3M9ri6oA" name="zurück" x="1012" y="849" width="37" height="47"/>
	<obj id="_UkOBLgYmEem_4e3M9ri6oA" name="Sachbearbeiter SB1" x="35" y="793" width="30" height="134"/>
	<obj id="_UkOBKwYmEem_4e3M9ri6oA" name="Pool" x="5" y="5" width="30" height="925"/>
</map>
