<?xml version="1.0" encoding="UTF-8"?><map>
	<obj id="_RlVNEQYmEem_4e3M9ri6oA" name="Haupt Prozess" x="201" y="127" width="117" height="86"/>
	<obj id="_RlVNEgYmEem_4e3M9ri6oA" name="Sachleistungen prüfen" x="370" y="127" width="164" height="86"/>
	<obj id="_RlVNEwYmEem_4e3M9ri6oA" name="Anfrage RD" x="724" y="100" width="164" height="98"/>
	<obj id="_RlVNFAYmEem_4e3M9ri6oA" name="Auftrag AD" x="724" y="229" width="164" height="98"/>
	<obj id="_RlVNFQYmEem_4e3M9ri6oA" name="Anfrage BSV" x="730" y="360" width="164" height="98"/>
	<obj id="_RlVNFgYmEem_4e3M9ri6oA" name="Anfrage RAD" x="724" y="506" width="164" height="98"/>
	<obj id="_RlVNFwYmEem_4e3M9ri6oA" name="Einw.zu Vorbescheid bearb." x="724" y="797" width="164" height="98"/>
	<obj id="_RlVNGAYmEem_4e3M9ri6oA" name="Beschluss fassen" x="1090" y="647" width="164" height="98"/>
	<obj id="_RlVNGQYmEem_4e3M9ri6oA" name="Beschluss prüfen" x="1330" y="360" width="164" height="98"/>
	<obj id="_RlVNGgYmEem_4e3M9ri6oA" name="Beschluss visiert" x="1585" y="506" width="164" height="98"/>
	<obj id="_RlVNGwYmEem_4e3M9ri6oA" name="Vorbescheid Verfahren" x="1805" y="506" width="164" height="98"/>
	<obj id="_RlVNHAYmEem_4e3M9ri6oA" name="Fall im WebAI abschliessen" x="2047" y="289" width="164" height="98"/>
	<obj id="_RlVNHQYmEem_4e3M9ri6oA" name="Verfügung drucken" x="1805" y="360" width="164" height="98"/>
	<obj id="_RlVNHgYmEem_4e3M9ri6oA" name="Mitteilung bearbeiten" x="1805" y="229" width="164" height="98"/>
	<obj id="_RlVNEAYmEem_4e3M9ri6oA" name="Start" x="105" y="155" width="31" height="47"/>
	<obj id="_RlVNNQYmEem_4e3M9ri6oA" name="Lane" x="35" y="6" width="30" height="1048"/>
	<obj id="_RlVNNAYmEem_4e3M9ri6oA" name="Pool" x="5" y="5" width="30" height="1052"/>
</map>
