<?xml version="1.0" encoding="UTF-8"?><map>
	<obj id="_UkOBhAYmEem_4e3M9ri6oA" name="W Verfügung zum Gesuch (66.6)" x="816" y="183" width="117" height="76"/>
	<obj id="_UkOBhQYmEem_4e3M9ri6oA" name="W Auszuführender Versand anzei (66.5)" x="816" y="78" width="117" height="76"/>
	<obj id="_UkOBiQYmEem_4e3M9ri6oA" name="W Verfügung zum Gesuch (3004)" x="816" y="284" width="117" height="76"/>
	<obj id="_UkOBigYmEem_4e3M9ri6oA" name="W Auszuführender Versand anzei (3006)" x="816" y="385" width="117" height="76"/>
	<obj id="_UkOBkQYmEem_4e3M9ri6oA" name="" x="1180" y="94" width="43" height="45"/>
	<obj id="_UkOBdAYmEem_4e3M9ri6oA" name="Automat" x="35" y="6" width="30" height="487"/>
	<obj id="_UkOBfgYmEem_4e3M9ri6oA" name="Beschluss prüfen (65)" x="195" y="538" width="117" height="76"/>
	<obj id="_UkOBgQYmEem_4e3M9ri6oA" name="Funktion?" x="340" y="554" width="54" height="61"/>
	<obj id="_UkOBggYmEem_4e3M9ri6oA" name="WW Protokolle bearbeiten (66.4)" x="565" y="858" width="117" height="76"/>
	<obj id="_UkOBhgYmEem_4e3M9ri6oA" name="WL/M Beschluss i.O. -&gt;  zur Prüfung (66.1)" x="565" y="538" width="117" height="76"/>
	<obj id="_UkOBiwYmEem_4e3M9ri6oA" name="WL/M Beschluss i.O - VISIERT (66.2)" x="565" y="642" width="117" height="76"/>
	<obj id="_UkOBjgYmEem_4e3M9ri6oA" name="WL/M Beschluss nicht io - zurück (66.3)" x="565" y="753" width="117" height="76"/>
	<obj id="_zWnfoBAbEemQq6K7WaVxVw" name="" x="746" y="769" width="43" height="45"/>
	<obj id="_UkOBfAYmEem_4e3M9ri6oA" name="Start" x="100" y="561" width="31" height="47"/>
	<obj id="_UkOBfQYmEem_4e3M9ri6oA" name="zurück Beschluss fassen" x="828" y="776" width="53" height="77"/>
	<obj id="_UkOBdQYmEem_4e3M9ri6oA" name="VG / SB 2" x="35" y="495" width="30" height="529"/>
	<obj id="_UkOBgwYmEem_4e3M9ri6oA" name="Beschluss visiert (67)" x="995" y="1065" width="117" height="76"/>
	<obj id="_UkOBdgYmEem_4e3M9ri6oA" name="Sachbearbeiter SB1" x="35" y="1026" width="30" height="178"/>
	<obj id="_UkOBcwYmEem_4e3M9ri6oA" name="Pool" x="5" y="5" width="30" height="1202"/>
</map>
