<?xml version="1.0" encoding="UTF-8"?><map>
	<obj id="_f4FpIAIfEemm9pk0PCh5qA" name="W Gesuch anzeigen (1)" x="155" y="119" width="117" height="86"/>
	<obj id="_hhiTMAIfEemm9pk0PCh5qA" name="WP_CALLS_SB" x="1212" y="432" width="117" height="75"/>
	<obj id="_xX8OYQIjEemrgIVJr8qX-w" name="Sachleistungen prüfen (5)" x="1513" y="506" width="117" height="75"/>
	<obj id="_RKBtsQIpEemrgIVJr8qX-w" name="WP_CALLS_SK" x="802" y="97" width="117" height="75"/>
	<obj id="_TTGTAQIpEemrgIVJr8qX-w" name="Z/ Fall erledigt - Ablage" x="1218" y="1022" width="117" height="75"/>
	<obj id="_Gu1MsARDEemNZdMMTUfoqw" name="Erstanmeldung?" x="285" y="140" width="87" height="61"/>
	<obj id="_oea6gARIEemNZdMMTUfoqw" name="" x="1114" y="112" width="43" height="45"/>
	<obj id="_YXoD0QRNEemNZdMMTUfoqw" name="W Gesuch anzeigen (3000)" x="1351" y="506" width="117" height="75"/>
	<obj id="_Ngf6gARTEemNZdMMTUfoqw" name="" x="1691" y="447" width="43" height="45"/>
	<obj id="_TyqbIQReEemNZdMMTUfoqw" name="SDX Auftrag ausführen" x="1309" y="1140" width="117" height="75"/>
	<obj id="_t4WlAAU3Eemo_Z8OZ5HXPw" name="IV FolgeWorkflow" x="1309" y="1228" width="128" height="80"/>
	<obj id="_2WgikAYzEem_4e3M9ri6oA" name="Script Task 2" x="165" y="34" width="96" height="64"/>
	<obj id="_2sG0UgHvEemexrh4L8sbdw" name="Start" x="93" y="147" width="31" height="47"/>
	<obj id="_2sG0VAHvEemexrh4L8sbdw" name="Ende1" x="1541" y="1044" width="34" height="47"/>
	<obj id="_gAQ7EARLEemNZdMMTUfoqw" name="Ende3" x="1541" y="1250" width="34" height="47"/>
	<obj id="_qnpckARjEemNZdMMTUfoqw" name="Ende2" x="1541" y="1162" width="34" height="47"/>
	<obj id="_XR2IgARCEemNZdMMTUfoqw" name="Automat" x="35" y="6" width="30" height="1414"/>
	<obj id="_Y_Y2IARHEemNZdMMTUfoqw" name="Partnerdaten mutieren" x="675" y="1453" width="117" height="75"/>
	<obj id="_PtdXwARHEemNZdMMTUfoqw" name="DMC" x="35" y="1422" width="30" height="180"/>
	<obj id="_jPaRQARDEemNZdMMTUfoqw" name="Eingang prüfen SK(2)" x="415" y="1664" width="117" height="75"/>
	<obj id="_aO0BMARIEemNZdMMTUfoqw" name="Funktion_SK" x="545" y="1679" width="67" height="61"/>
	<obj id="_yuTUgAYtEem_4e3M9ri6oA" name="Script Task" x="1172" y="1617" width="96" height="64"/>
	<obj id="_cX61AARDEemNZdMMTUfoqw" name="Sekretariat SK" x="35" y="1604" width="30" height="177"/>
	<obj id="_2sG0UwHvEemexrh4L8sbdw" name="Eingang prüfen SB (2)" x="782" y="1846" width="117" height="75"/>
	<obj id="_hlzvMAIfEemm9pk0PCh5qA" name="Eigener IV Regressfall an_RGD (4.2)" x="1090" y="2013" width="117" height="75"/>
	<obj id="_tfcPoAIfEemm9pk0PCh5qA" name="WW Protokolle bearbeiten (4.6)" x="1090" y="2268" width="117" height="75"/>
	<obj id="_thWUIAIfEemm9pk0PCh5qA" name="Fall ins Pendenzenfach (4.5)" x="1090" y="2184" width="117" height="75"/>
	<obj id="_u9kagAIfEemm9pk0PCh5qA" name="" x="1408" y="2028" width="43" height="45"/>
	<obj id="_8CMKkAIjEemrgIVJr8qX-w" name="Funktion_SB" x="949" y="1861" width="67" height="61"/>
	<obj id="_nh9x8ARLEemNZdMMTUfoqw" name="" x="1232" y="2028" width="43" height="45"/>
	<obj id="_au7c8wROEemNZdMMTUfoqw" name="Suva IV Regressfall an_RGD (4.4)" x="1090" y="2100" width="117" height="75"/>
	<obj id="_er8sIAROEemNZdMMTUfoqw" name="" x="1261" y="2115" width="43" height="45"/>
	<obj id="_MT8m0QReEemNZdMMTUfoqw" name="eM - IV-Akte anfordern (4.3)" x="1090" y="1846" width="117" height="75"/>
	<obj id="_ONka4AReEemNZdMMTUfoqw" name="eM Nachlieferung IVST -&gt; IVST (4.4)" x="1090" y="1927" width="117" height="75"/>
	<obj id="_wF9ksAU6Eemo_Z8OZ5HXPw" name="Set RTI SUVA" x="1273" y="1938" width="96" height="64"/>
	<obj id="_8IW_kAU6Eemo_Z8OZ5HXPw" name="set RTI RGD" x="1239" y="1799" width="96" height="64"/>
	<obj id="_2sG0UQHvEemexrh4L8sbdw" name="Sachbearbeiter SB1" x="35" y="1783" width="30" height="638"/>
	<obj id="_2sG0UAHvEemexrh4L8sbdw" name="Pool" x="5" y="5" width="30" height="2419"/>
</map>
