{"control_cancel_label":"Cancel","control_GS_FOUND_BOM_ahvNummer_label":
  "ahv-Nummer","form_action_error_message":
  "Error in script for action {0} ({1}): {2}","pane_toolbar_label":
  "Toolbar","pane_GS_FOUND_BOM_property_rowLabel":"{0}","pane_content_label":
  "Ausgabe","control_GS_FOUND_BOM_dossierID_label":"dossierID",
  "form_validation_error_message":
  "Error in script for validation {0} of Control {1} ({2}): {3}",
  "control_submit_label":"Submit","pane_messages_label":"Invalid Entries",
  "form_required_message":"{0} is a required field.",
  "control_GS_FOUND_BOM_caseID_label":"caseID","control_close_label":
  "Close","control_GS_FOUND_BOM_geschaeftsfall_label":"geschaeftsfall",
  "control_GS_FOUND_BOM_dokumentenArt_label":"dokumenten-Art",
  "pane_GS_FOUND_BOM_label":"GS_FOUND_BOM"}
