{"control_Dokument_stackName_label":"Stapelname","pane_Dokument_label":
  "Dokument","control_UserCompleteTaskGuid_label":"UserCompleteTaskGuid",
  "form_action_error_message":"Error in script for action {0} ({1}): {2}",
  "control_WorkListFasade_versVorname_label":"Vers.-Vorname",
  "pane_toolbar_label":"Toolbar","control_WorkListFasade_abrechNr_label":
  "Abrech.-Nr.","control_WorkListFasade_dokumentenArt_label":
  "DokumentenArt","pane_Mitglied_label":"Mitglied",
  "control_Geschaeftsfall_workflowState_label":"WorkflowStatus",
  "control_Geschaeftsfall_ownerName_label":"BesitzerName",
  "control_Versicherter_VSPartnerID_label":"VSPartnerID",
  "control_submit_label":"Submit","control_Mitglied_name_label":"Name",
  "control_Mitglied_foundingDate_label":"GründungsDatum",
  "control_Mitglied_additionalName_label":"Zusatzbezeichnung",
  "control_Dokument_documentScanDate_label":"DokScanDatum",
  "control_IVSachbearbeiter_label":"IV-Sachbearbeiter",
  "control_Versicherter_firstName_label":"Vorname",
  "control_Geschaeftsfall_typBezeichnung_label":"TypBezeichnung",
  "form_required_message":"{0} is a required field.",
  "control_SP_Beschluss_zur_Pruefung_label":"SP_Beschluss_zur_Pruefung",
  "control_Mitglied_MGPartnerID_label":"MGPartnerID",
  "control_Geschaeftsfall_senderName_label":"AbsenderName",
  "control_WP_Auszufuehrender_Versand_anzeigen_label":
  "WP_Auszufuehrender_Versand_anzeigen","control_actionToDo_label":
  "actionToDo","control_Dokument_dokumentID_label":"DokumentID",
  "control_Dokument_documentNumber_label":"Dokumentennummer",
  "control_Dokument_formularempfnger_label":"Formularempfänger",
  "control_Zurueck_zu_Hauptprozess_label":"Zurueck_zu_Hauptprozess",
  "control_WP_WW_Protokolle_bearbeiten_label":
  "WP_WW_Protokolle_bearbeiten","control_WP_IV_Textkatalog_oeffnen_label":
  "WP_IV_Textkatalog_oeffnen","pane_content_label":
  "Beschluss Zur Prüfung (60.2)","control_Versicherter_gender_label":
  "Geschlecht","control_Geschaeftsfall_processUser_label":"Bearbeiter",
  "pane_messages_label":"Invalid Entries",
  "control_Geschaeftsfall_typNummer_label":"TypNummer",
  "control_Dokument_kurztext_label":"Kurztext",
  "control_WorkListFasade_versichNr_label":"Versich.-Nr.",
  "control_Versicherter_lastName_label":"Nachname","control_close_label":
  "Close","control_Geschaeftsfall_PKID_label":"PKID",
  "control_WorkListFasade_unternehmensID_label":"Unternehmens-ID",
  "control_Geschaeftsfall_handlingReason_label":"BearbeitungsGrund",
  "control_Dokument_kommentar_label":"Kommentar",
  "control_Geschaeftsfall_feedback_label":"Rückmeldung",
  "control_WP_Verhandlungspartner_anzeigen_label":
  "WP_Verhandlungspartner_anzeigen",
  "control_WorkListFasade_aktuelleBearbeiter_label":"aktuelle Bearbeiter",
  "control_Dokument_keyword_label":"Schlagwort",
  "control_Geschaeftsfall_urgent_label":"Dringend",
  "control_Dokument_documentSecurity_label":"DokSchutz",
  "control_Dokument_anmeldenummer_label":"Anmeldenummer",
  "pane_Versicherter_label":"Versicherter","control_action_label":"action",
  "form_validation_error_message":
  "Error in script for validation {0} of Control {1} ({2}): {3}",
  "control_Mitglied_companyID_label":"UnternehmensID",
  "control_WorkListFasade_dokEingangsdatum_label":"Dok-Eingangsdatum",
  "control_Geschaeftsfall_workflowDate_label":"WorkflowDatum",
  "control_Dokument_documentType_label":"DokumenterArt",
  "control_Dokument_effortType_label":"LeistungsArt",
  "pane_Geschaeftsfall_label":"Geschaeftsfall",
  "control_Versicherter_title_label":"Anrede",
  "control_WorkListFasade_zusatzbezeichnung_label":"Zusatzbezeichnung",
  "control_cancel_label":"Cancel","pane_WorkListFasade_label":
  "WorkListFasade","control_WP_Verfuegung_zum_Gesuch_label":
  "WP_Verfuegung_zum_Gesuch","control_WorkListFasade_versNachname_label":
  "Vers.-Nachname","control_Versicherter_sprache_label":"Sprache",
  "control_SP_Beschluss_ohne_Visum_label":"SP_Beschluss_ohne_Visum",
  "control_WorkListFasade_personenID_label":"Personen-ID",
  "control_Versicherter_secureNumber_label":"Versicherungsnummer",
  "control_Versicherter_birthDate_label":"GeburtsDatum",
  "control_Dokument_documentDateOfReceipt_label":"DokEingangsDatum",
  "control_Mitglied_anmeldenummer_label":"Anmeldenummer",
  "control_Versicherter_personID_label":"PersonenID",
  "control_WorkListFasade_wiedervorlagedatum_label":"Wiedervorlagedatum",
  "control_Geschaeftsfall_messagePK_label":"PKNachricht",
  "control_Geschaeftsfall_processNumber_label":"GeschäftsfallNummer",
  "control_WorkListFasade_anmeldeNr_label":"Anmelde-Nr.",
  "control_Mitglied_accountNumber_label":"Abrechnungsnummer",
  "control_WP_Formular_zum_Gesuch_anzeigen_label":
  "WP_Formular_zum_Gesuch_anzeigen",
  "control_WorkListFasade_prozessstatus_label":"Prozessstatus",
  "control_Versicherter_degree_label":"Titel"}
