{"control_Dokument_stackName_label":"Stapelname","pane_Dokument_label":
  "Dokument","control_Versicherte_personID_label":"PersonenID",
  "form_action_error_message":"Error in script for action {0} ({1}): {2}",
  "pane_toolbar_label":"Toolbar","pane_Versicherte_label":"Versicherte",
  "control_Geschaeftsfall_workflowState_label":"WorkflowStatus",
  "pane_Mitglied_label":"Mitglied","control_Geschaeftsfall_ownerName_label":
  "BesitzerName","control_submit_label":"Submit",
  "control_Versicherte_sprache_label":"Sprache",
  "control_Versicherte_gender_label":"Geschlecht",
  "control_Mitglied_name_label":"Name",
  "control_Mitglied_additionalName_label":"Zusatzbezeichnung",
  "control_Mitglied_foundingDate_label":"GründungsDatum",
  "control_Geschaeftsfall_typBezeichnung_label":"TypBezeichnung",
  "control_Dokument_documentScanDate_label":"DokScanDatum",
  "form_required_message":"{0} is a required field.",
  "control_Mitglied_MGPartnerID_label":"MGPartnerID",
  "control_Geschaeftsfall_senderName_label":"AbsenderName",
  "control_Versicherte_title_label":"Anrede",
  "control_Versicherte_VSPartnerID_label":"VSPartnerID",
  "control_Dokument_dokumentID_label":"DokumentID",
  "control_Dokument_documentNumber_label":"Dokumentennummer",
  "control_Dokument_formularempfnger_label":"Formularempfänger",
  "pane_content_label":"User Task","control_Versicherte_degree_label":
  "Titel","control_Geschaeftsfall_processUser_label":"Bearbeiter",
  "pane_messages_label":"Invalid Entries",
  "control_Geschaeftsfall_typNummer_label":"TypNummer",
  "control_Dokument_kurztext_label":"Kurztext","control_WorkflowID_label":
  "WorkflowID","control_Geschaeftsfall_PKID_label":"PKID",
  "control_Geschaeftsfall_handlingReason_label":"BearbeitungsGrund",
  "control_Dokument_kommentar_label":"Kommentar",
  "control_Geschaeftsfall_feedback_label":"Rückmeldung",
  "control_Dokument_keyword_label":"Schlagwort",
  "control_Geschaeftsfall_urgent_label":"Dringend",
  "control_Dokument_documentSecurity_label":"DokSchutz",
  "control_Dokument_anmeldenummer_label":"Anmeldenummer",
  "form_validation_error_message":
  "Error in script for validation {0} of Control {1} ({2}): {3}",
  "control_Mitglied_companyID_label":"UnternehmensID",
  "control_Versicherte_firstName_label":"Vorname",
  "control_Geschaeftsfall_workflowDate_label":"WorkflowDatum",
  "control_Dokument_documentType_label":"DokumenterArt",
  "control_Dokument_effortType_label":"LeistungsArt",
  "pane_Geschaeftsfall_label":"Geschaeftsfall","control_cancel_label":
  "Cancel","control_Versicherte_secureNumber_label":"Versicherungsnummer",
  "control_Versicherte_birthDate_label":"GeburtsDatum",
  "control_Versicherte_lastName_label":"Nachname",
  "control_Dokument_documentDateOfReceipt_label":"DokEingangsDatum",
  "control_Mitglied_anmeldenummer_label":"Anmeldenummer",
  "control_Geschaeftsfall_processNumber_label":"GeschäftsfallNummer",
  "control_Geschaeftsfall_messagePK_label":"PKNachricht",
  "control_Mitglied_accountNumber_label":"Abrechnungsnummer"}
