{"control_WP_Auftraege_zum_Gesuch_anzeigen_label":
  "WP_Auftraege_zum_Gesuch_anzeigen",
  "control_SP_Suva_IV_Regressfall_an_RGD_label":
  "SP_Suva_IV_Regressfall_an_RGD",
  "control_WorkListFasade_dokumentenArt_label":"DokumentenArt",
  "control_WP_Zuteilung_zum_Gesuch_anzeigen_label":
  "WP_Zuteilung_zum_Gesuch_anzeigen",
  "control_WP_eM_Aktenversand_an_UV_Antw_label":
  "WP_eM_Aktenversand_an_UV_Antw","control_Mitglied_name_label":"Name",
  "control_Dokument_documentScanDate_label":"DokScanDatum",
  "control_Versicherter_firstName_label":"Vorname",
  "control_Geschaeftsfall_typBezeichnung_label":"TypBezeichnung",
  "form_required_message":"{0} is a required field.",
  "control_Geschaeftsfall_senderName_label":"AbsenderName",
  "control_Dokument_dokumentID_label":"DokumentID",
  "control_SP_Anfrage_RAD_label":"SP_Anfrage_RAD",
  "control_WP_Journal_zum_Gesuch_anzeigen_label":
  "WP_Journal_zum_Gesuch_anzeigen","control_Dokument_formularempfnger_label":
  "Formularempfänger","pane_content_label":"Vm V Prüfen (39)",
  "control_Versicherter_gender_label":"Geschlecht",
  "control_Geschaeftsfall_processUser_label":"Bearbeiter",
  "control_Geschaeftsfall_typNummer_label":"TypNummer",
  "control_Versicherter_lastName_label":"Nachname","control_close_label":
  "Close","control_Geschaeftsfall_PKID_label":"PKID",
  "control_SP_Zurueck_zu_Eingang_pruefen_label":
  "SP_Zurueck_zu_Eingang_pruefen","control_Dokument_kommentar_label":
  "Kommentar","control_WP_Verhandlungspartner_anzeigen_label":
  "WP_Verhandlungspartner_anzeigen",
  "control_WorkListFasade_aktuelleBearbeiter_label":"aktuelle Bearbeiter",
  "control_WP_eM_Aktenversand_an_UV_label":"WP_eM_Aktenversand_an_UV",
  "control_WP_eM_Nachlieferung_IVST_IVST_label":
  "WP_eM_Nachlieferung_IVST_IVST",
  "control_WP_IK_Ausz_ZAS_best_loeschen_label":
  "WP_IK_Ausz_ZAS_best_loeschen","control_Mitglied_companyID_label":
  "UnternehmensID","control_WorkListFasade_dokEingangsdatum_label":
  "Dok-Eingangsdatum","control_WP_eM_Gesuch_um_Akteneinsicht_UV_label":
  "WP_eM_Gesuch_um_Akteneinsicht_UV","pane_Geschaeftsfall_label":
  "Geschaeftsfall","control_WorkListFasade_zusatzbezeichnung_label":
  "Zusatzbezeichnung","control_MasterProcessID_label":"MasterProcessID",
  "control_WorkListFasade_versNachname_label":"Vers.-Nachname",
  "control_SP_Wiedervorlage_label":"SP_Wiedervorlage",
  "control_Versicherter_birthDate_label":"GeburtsDatum",
  "control_Dokument_documentDateOfReceipt_label":"DokEingangsDatum",
  "control_Versicherter_personID_label":"PersonenID",
  "control_RuntimeIdentifier_label":"RuntimeIdentifier",
  "control_WorkListFasade_wiedervorlagedatum_label":"Wiedervorlagedatum",
  "control_Geschaeftsfall_messagePK_label":"PKNachricht",
  "control_Geschaeftsfall_processNumber_label":"GeschäftsfallNummer",
  "control_WorkListFasade_anmeldeNr_label":"Anmelde-Nr.",
  "control_WorkListFasade_prozessstatus_label":"Prozessstatus",
  "control_WP_IK_Ausz_ZAS_best_EP_label":"WP_IK_Ausz_ZAS_best_EP",
  "control_Versicherter_degree_label":"Titel",
  "control_Dokument_stackName_label":"Stapelname","pane_Dokument_label":
  "Dokument","control_WP_IK_Auszug_drucken_VP_label":
  "WP_IK_Auszug_drucken_VP","control_UserCompleteTaskGuid_label":
  "UserCompleteTaskGuid","form_action_error_message":
  "Error in script for action {0} ({1}): {2}",
  "control_WorkListFasade_versVorname_label":"Vers.-Vorname",
  "pane_toolbar_label":"Toolbar","control_WorkListFasade_abrechNr_label":
  "Abrech.-Nr.","control_SP_Anfrage_RD_label":"SP_Anfrage_RD",
  "pane_Mitglied_label":"Mitglied",
  "control_Geschaeftsfall_workflowState_label":"WorkflowStatus",
  "control_Geschaeftsfall_ownerName_label":"BesitzerName",
  "control_Versicherter_VSPartnerID_label":"VSPartnerID",
  "control_submit_label":"Submit","control_Mitglied_foundingDate_label":
  "GründungsDatum","control_Mitglied_additionalName_label":
  "Zusatzbezeichnung","control_IVSachbearbeiter_label":"IV-Sachbearbeiter",
  "control_SP_vmV_pruefen_label":"SP_vmV_pruefen",
  "control_Mitglied_MGPartnerID_label":"MGPartnerID",
  "control_WP_PV_Versicherter_mutieren_label":
  "WP_PV_Versicherter_mutieren","control_WP_Gesuch_anzeigen_label":
  "WP_Gesuch_anzeigen","control_actionToDo_label":"actionToDo",
  "control_Dokument_documentNumber_label":"Dokumentennummer",
  "control_WP_WW_Protokolle_bearbeiten_label":
  "WP_WW_Protokolle_bearbeiten","pane_messages_label":"Invalid Entries",
  "control_Dokument_kurztext_label":"Kurztext",
  "control_SP_Eigener_IV_Regressfall_an_RGD_label":
  "SP_Eigener_IV_Regressfall_an_RGD",
  "control_WorkListFasade_versichNr_label":"Versich.-Nr.",
  "control_WorkListFasade_unternehmensID_label":"Unternehmens-ID",
  "control_Geschaeftsfall_handlingReason_label":"BearbeitungsGrund",
  "control_Geschaeftsfall_feedback_label":"Rückmeldung",
  "control_Dokument_keyword_label":"Schlagwort",
  "control_Geschaeftsfall_urgent_label":"Dringend",
  "control_Dokument_documentSecurity_label":"DokSchutz",
  "control_Dokument_anmeldenummer_label":"Anmeldenummer",
  "pane_Versicherter_label":"Versicherter","control_action_label":"action",
  "control_Performer_IV_Kernprozessleitung_label":
  "Performer_IV_Kernprozessleitung","form_validation_error_message":
  "Error in script for validation {0} of Control {1} ({2}): {3}",
  "control_Geschaeftsfall_workflowDate_label":"WorkflowDatum",
  "control_Dokument_documentType_label":"DokumenterArt",
  "control_Dokument_effortType_label":"LeistungsArt",
  "control_Versicherter_title_label":"Anrede",
  "control_Performer_Mitarbeiter_AD_label":"Performer_Mitarbeiter_AD",
  "control_SP_Anfrage_AD_label":"SP_Anfrage_AD","control_cancel_label":
  "Cancel","pane_WorkListFasade_label":"WorkListFasade",
  "control_WP_Verfuegung_zum_Gesuch_label":"WP_Verfuegung_zum_Gesuch",
  "control_Versicherter_sprache_label":"Sprache",
  "control_EXC_Excel_Dokumente_label":"EXC_Excel_Dokumente",
  "control_WorkListFasade_personenID_label":"Personen-ID",
  "control_Versicherter_secureNumber_label":"Versicherungsnummer",
  "control_Mitglied_anmeldenummer_label":"Anmeldenummer",
  "control_SP_Anfrage_BSV_label":"SP_Anfrage_BSV","control_Frist_label":
  "Frist","control_Mitglied_accountNumber_label":"Abrechnungsnummer",
  "control_Performer_Mitarbeiter_RD_label":"Performer_Mitarbeiter_RD",
  "control_WP_Formular_zum_Gesuch_anzeigen_label":
  "WP_Formular_zum_Gesuch_anzeigen","control_WP_IK_Ausz_ZAS_best_VP_label":
  "WP_IK_Ausz_ZAS_best_VP","control_WP_IK_Auszug_drucken_EP_label":
  "WP_IK_Auszug_drucken_EP"}
