{"pane_pane1_label":"Pane 1","control_cancel_label":"Cancel",
  "pane_content_label":"Sachleistungen Prüfen Sb (5)",
  "form_validation_error_message":
  "Error in script for validation {0} of Control {1} ({2}): {3}",
  "control_NavigationWidget1_label":"Navigation Widget 1",
  "control_submit_label":"Submit","pane_messages_label":"Invalid Entries",
  "form_required_message":"{0} is a required field.","pane_pane2_label":
  "Pane 2","form_action_error_message":
  "Error in script for action {0} ({1}): {2}","pane_toolbar_label":
  "Toolbar"}
