{"control_WP_Geschaeftsfall_klammern_label":"WP_Geschaeftsfall_klammern",
  "control_Geschaeftsfall_found_caseID_label":"caseID",
  "control_WorkListFasade_aktuelleBearbeiter_label":"aktuelle Bearbeiter",
  "control_Geschaeftsfall_found_geschaeftsfall_label":"geschaeftsfall",
  "control_UserCompleteTaskGuid_label":"UserCompleteTaskGuid",
  "form_action_error_message":"Error in script for action {0} ({1}): {2}",
  "control_WorkListFasade_versVorname_label":"Vers.-Vorname",
  "pane_toolbar_label":"Toolbar",
  "control_WorkListFasade_dokumentenArt_label":"DokumentenArt",
  "control_WorkListFasade_abrechNr_label":"Abrech.-Nr.",
  "form_validation_error_message":
  "Error in script for validation {0} of Control {1} ({2}): {3}",
  "control_Geschaeftsfall_found_ahvNummer_label":"ahv-Nummer",
  "control_WorkListFasade_dokEingangsdatum_label":"Dok-Eingangsdatum",
  "control_submit_label":"Submit","form_required_message":
  "{0} is a required field.",
  "control_WorkListFasade_zusatzbezeichnung_label":"Zusatzbezeichnung",
  "pane_Geschaeftsfall_found_property_rowLabel":"{0}","control_cancel_label":
  "Cancel","pane_WorkListFasade_label":"WorkListFasade",
  "control_WorkListFasade_versNachname_label":"Vers.-Nachname",
  "control_Geschaeftsfall_found_dossierID_label":"dossierID",
  "control_WorkListFasade_personenID_label":"Personen-ID",
  "pane_Geschaeftsfall_found_label":"Geschaeftsfall_found",
  "control_Geschaeftsfall_found_dokumentenArt_label":"dokumenten-Art",
  "pane_content_label":"Prüfe Fälle Auf Übereinstimmung",
  "control_WorkListFasade_wiedervorlagedatum_label":"Wiedervorlagedatum",
  "pane_messages_label":"Invalid Entries",
  "control_WorkListFasade_anmeldeNr_label":"Anmelde-Nr.",
  "control_WorkListFasade_versichNr_label":"Versich.-Nr.",
  "control_close_label":"Close",
  "control_WorkListFasade_unternehmensID_label":"Unternehmens-ID"}
