{"control_cancel_label":"Cancel","control_WP_Geschaeftsfall_klammern_label":
  "WP_Geschaeftsfall_klammern",
  "control_Geschaeftsfall_found_dossierID_label":"dossierID",
  "control_Geschaeftsfall_found_caseID_label":"caseID",
  "control_Geschaeftsfall_found_geschaeftsfall_label":"geschaeftsfall",
  "pane_Geschaeftsfall_found_label":"Geschaeftsfall_found",
  "control_UserCompleteTaskGuid_label":"UserCompleteTaskGuid",
  "form_action_error_message":"Error in script for action {0} ({1}): {2}",
  "control_Geschaeftsfall_found_dokumentenArt_label":"dokumenten-Art",
  "pane_toolbar_label":"Toolbar","pane_content_label":
  "Prüfe Fälle Auf Übereinstimmung","form_validation_error_message":
  "Error in script for validation {0} of Control {1} ({2}): {3}",
  "control_Geschaeftsfall_found_ahvNummer_label":"ahv-Nummer",
  "control_submit_label":"Submit","pane_messages_label":"Invalid Entries",
  "form_required_message":"{0} is a required field.","control_close_label":
  "Close","pane_Geschaeftsfall_found_property_rowLabel":"{0}"}
