{"control_cancel_label":"Cancel","control_WP_PV_Versicherter_mutieren_label":
  "WP_PV_Versicherter_mutieren","pane_WorkListFasade_label":
  "WorkListFasade","control_WorkListFasade_versNachname_label":
  "Vers.-Nachname","control_WorkListFasade_aktuelleBearbeiter_label":
  "aktuelle Bearbeiter","control_WorkListFasade_personenID_label":
  "Personen-ID","form_action_error_message":
  "Error in script for action {0} ({1}): {2}",
  "control_WorkListFasade_versVorname_label":"Vers.-Vorname",
  "pane_toolbar_label":"Toolbar",
  "control_WorkListFasade_dokumentenArt_label":"DokumentenArt",
  "control_WorkListFasade_abrechNr_label":"Abrech.-Nr.","pane_content_label":
  "Partnerdaten Mutieren","form_validation_error_message":
  "Error in script for validation {0} of Control {1} ({2}): {3}",
  "control_WorkListFasade_dokEingangsdatum_label":"Dok-Eingangsdatum",
  "control_submit_label":"Submit",
  "control_WorkListFasade_wiedervorlagedatum_label":"Wiedervorlagedatum",
  "pane_messages_label":"Invalid Entries",
  "control_WorkListFasade_anmeldeNr_label":"Anmelde-Nr.",
  "control_WorkListFasade_versichNr_label":"Versich.-Nr.",
  "form_required_message":"{0} is a required field.","control_close_label":
  "Close","control_WorkListFasade_zusatzbezeichnung_label":
  "Zusatzbezeichnung","control_WorkListFasade_unternehmensID_label":
  "Unternehmens-ID"}
